esp32-hydrogate-01,AMAN,,403.4709,13034,
esp32-hydrogate-01,AMAN,,403.488,16034,
esp32-hydrogate-01,AMAN,,403.488,19034,
esp32-hydrogate-01,AMAN,,403.488,22034,
esp32-hydrogate-01,AMAN,,403.488,25034,
esp32-hydrogate-01,AMAN,,403.4709,28034,
esp32-hydrogate-01,AMAN,,403.488,31034,
esp32-hydrogate-01,AMAN,,403.488,34034,
esp32-hydrogate-01,AMAN,,403.5395,37034,
ESP-001,HIJAU,0,65.69481,18868,time_not_ready
ESP-001,HIJAU,0,227.9496,19323,time_not_ready
ESP-001,AMAN,0,64.005,98955,2026-05-19 20:55:36
ESP-001,AMAN,0,64.79381,102112,2026-05-19 20:55:39
ESP-001,AMAN,0,64.02541,105264,2026-05-19 20:55:42
ESP-001,AMAN,0,64.4368,108378,2026-05-19 20:55:45
ESP-001,BAHAYA,0,4.9572,112025,2026-05-19 20:55:49
ESP-001,BAHAYA,0,4.5118,115081,2026-05-19 20:55:52
ESP-001,BAHAYA,0,4.5084,118113,2026-05-19 20:55:55
ESP-001,BAHAYA,0,4.505,121163,2026-05-19 20:55:58
ESP-001,BAHAYA,0,4.505,124335,2026-05-19 20:56:01
ESP-001,AMAN,0,65.0658,128758,2026-05-19 20:56:06
ESP-001,AMAN,0,64.94,131932,2026-05-19 20:56:09
ESP-001,AMAN,0,59.9352,136189,2026-05-19 20:56:13
ESP-001,AMAN,0,57.3614,139378,2026-05-19 20:56:16
ESP-001,AMAN,0,65.0862,142552,2026-05-19 20:56:20
ESP-001,AMAN,0,64.9706,145682,2026-05-19 20:56:23
ESP-001,AMAN,0,59.7312,149208,2026-05-19 20:56:26
ESP-001,AMAN,0,64.9468,152364,2026-05-19 20:56:29
ESP-001,AMAN,0,64.872,155489,2026-05-19 20:56:33
ESP-001,AMAN,0,65.0454,158639,2026-05-19 20:56:36
ESP-001,AMAN,0,64.84821,161765,2026-05-19 20:56:39
ESP-001,AMAN,0,64.4878,164921,2026-05-19 20:56:42
ESP-001,AMAN,0,64.4742,168060,2026-05-19 20:56:45
ESP-001,AMAN,0,64.481,171198,2026-05-19 20:56:48
ESP-001,AMAN,0,64.5762,174349,2026-05-19 20:56:51
ESP-001,AMAN,0,64.85841,177477,2026-05-19 20:56:55
ESP-001,AMAN,0,61.7542,180635,2026-05-19 20:56:58
ESP-001,AMAN,0,64.9332,183786,2026-05-19 20:57:01
ESP-001,AMAN,0,64.5218,186901,2026-05-19 20:57:04
ESP-001,AMAN,0,64.617,190065,2026-05-19 20:57:07
ESP-001,AMAN,0,64.8788,193192,2026-05-19 20:57:10
ESP-001,AMAN,0,64.787,196348,2026-05-19 20:57:13
ESP-001,AMAN,0,64.95701,199500,2026-05-19 20:57:17
ESP-001,AMAN,0,65.05901,205767,2026-05-19 20:57:23
ESP-001,AMAN,0,64.855,208908,2026-05-19 20:57:26
ESP-001,AMAN,0,64.7632,212070,2026-05-19 20:57:29
ESP-001,AMAN,0,64.67141,215221,2026-05-19 20:57:32
ESP-001,AMAN,0,64.651,218349,2026-05-19 20:57:35
ESP-001,AMAN,0,64.65779,221503,2026-05-19 20:57:39
ESP-001,AMAN,1219,64.3926,224637,2026-05-19 20:57:42
ESP-001,SIAGA,1157,60.3194,227804,2026-05-19 20:57:45
ESP-001,SIAGA,1133,34.2924,230875,2026-05-19 20:57:48
ESP-001,SIAGA,1116,65.40581,233979,2026-05-19 20:57:51
ESP-001,AMAN,976,64.97401,237333,2026-05-19 20:57:54
ESP-001,AMAN,968,64.9536,240488,2026-05-19 20:57:58
ESP-001,AMAN,943,65.5452,243597,2026-05-19 20:58:01
ESP-001,BAHAYA,1640,65.7526,248209,2026-05-19 20:58:05
ESP-001,AMAN,940,65.72201,251424,2026-05-19 20:58:08
ESP-001,AMAN,886,65.72201,254542,2026-05-19 20:58:12
ESP-001,AMAN,884,65.4738,257697,2026-05-19 20:58:15
ESP-001,AMAN,873,65.54861,260848,2026-05-19 20:58:18
ESP-001,AMAN,1136,65.5588,263977,2026-05-19 20:58:21
ESP-001,AMAN,0,65.72881,267119,2026-05-19 20:58:24
ESP-001,SIAGA,0,18.5266,270664,2026-05-19 20:58:28
ESP-001,AMAN,0,30.481,273698,2026-05-19 20:58:31
ESP-001,SIAGA,0,5.1408,276750,2026-05-19 20:58:34
ESP-001,BAHAYA,0,3.6856,279898,2026-05-19 20:58:37
ESP-001,AMAN,0,64.8856,283139,2026-05-19 20:58:40
ESP-001,AMAN,0,64.79381,286305,2026-05-19 20:58:43
ESP-001,AMAN,0,18.0812,289335,2026-05-19 20:58:46
ESP-001,AMAN,0,64.62041,292514,2026-05-19 20:58:50
ESP-001,AMAN,0,64.85841,295641,2026-05-19 20:58:53
ESP-001,AMAN,0,66.011,298794,2026-05-19 20:58:56
ESP-001,AMAN,0,66.18781,301916,2026-05-19 20:58:59
ESP-001,AMAN,529,64.6748,305080,2026-05-19 20:59:02
ESP-001,AMAN,378,57.85441,308227,2026-05-19 20:59:05
ESP-001,AMAN,0,65.4398,311351,2026-05-19 20:59:08
ESP-001,BAHAYA,1794,65.552,314673,2026-05-19 20:59:12
ESP-001,BAHAYA,1904,65.43301,317816,2026-05-19 20:59:15
ESP-001,BAHAYA,1901,65.43301,320967,2026-05-19 20:59:18
ESP-001,BAHAYA,1689,65.41941,324123,2026-05-19 20:59:21
ESP-001,AMAN,735,65.3378,327304,2026-05-19 20:59:24
ESP-001,SIAGA,1137,65.433,330489,2026-05-19 20:59:28
ESP-001,SIAGA,1133,65.42281,333636,2026-05-19 20:59:31
ESP-001,SIAGA,1192,65.42281,336766,2026-05-19 20:59:34
ESP-001,SIAGA,1231,65.4398,339908,2026-05-19 20:59:37
ESP-001,SIAGA,1318,65.4364,343025,2026-05-19 20:59:40
ESP-001,SIAGA,1329,65.8512,346177,2026-05-19 20:59:43
ESP-001,BAHAYA,1729,65.858,349343,2026-05-19 20:59:46
ESP-001,BAHAYA,1748,65.7934,352471,2026-05-19 20:59:50
ESP-001,BAHAYA,1678,65.78661,355624,2026-05-19 20:59:53
ESP-001,AMAN,926,65.994,359166,2026-05-19 20:59:56
ESP-001,SIAGA,972,65.8648,362361,2026-05-19 20:59:59
ESP-001,AMAN,936,65.8376,365529,2026-05-19 21:00:03
ESP-001,AMAN,965,65.9192,369062,2026-05-19 21:00:06
ESP-001,SIAGA,1066,65.94641,372961,2026-05-19 21:00:10
ESP-001,SIAGA,1127,65.8988,376114,2026-05-19 21:00:13
ESP-001,SIAGA,1154,65.91581,379248,2026-05-19 21:00:16
ESP-001,SIAGA,1176,65.807,382400,2026-05-19 21:00:19
ESP-001,SIAGA,1267,65.83421,385542,2026-05-19 21:00:23
ESP-001,BAHAYA,1701,65.8444,388692,2026-05-19 21:00:26
ESP-001,BAHAYA,1704,65.92259,391834,2026-05-19 21:00:29
ESP-001,BAHAYA,1672,65.8308,394967,2026-05-19 21:00:32
ESP-001,BAHAYA,1700,65.7458,398128,2026-05-19 21:00:35
ESP-001,SIAGA,1021,65.9362,401460,2026-05-19 21:00:39
ESP-001,AMAN,1355,65.8376,404632,2026-05-19 21:00:42
ESP-001,AMAN,0,66.05861,407784,2026-05-19 21:00:45
ESP-001,AMAN,0,65.43301,410932,2026-05-19 21:00:48
ESP-001,AMAN,0,65.69141,414047,2026-05-19 21:00:51
ESP-001,AMAN,0,65.7798,417209,2026-05-19 21:00:54
ESP-001,AMAN,0,65.42961,420337,2026-05-19 21:00:57
ESP-001,AMAN,0,65.43641,423498,2026-05-19 21:01:01
ESP-001,AMAN,0,65.4364,426652,2026-05-19 21:01:04
ESP-001,AMAN,0,65.52821,429781,2026-05-19 21:01:07
ESP-001,AMAN,0,65.44321,432922,2026-05-19 21:01:10
ESP-001,AMAN,0,65.44321,436059,2026-05-19 21:01:13
ESP-001,AMAN,0,65.4398,439224,2026-05-19 21:01:16
ESP-001,AMAN,0,65.52821,442381,2026-05-19 21:01:19
ESP-001,AMAN,0,65.52821,445509,2026-05-19 21:01:23
ESP-001,BAHAYA,1426,65.77301,449747,2026-05-19 21:01:27
ESP-001,BAHAYA,1456,65.773,452973,2026-05-19 21:01:30
ESP-001,BAHAYA,1460,65.99741,456088,2026-05-19 21:01:33
ESP-001,BAHAYA,1470,36.8968,459228,2026-05-19 21:01:36
ESP-001,BAHAYA,1471,54.2266,462311,2026-05-19 21:01:39
ESP-001,BAHAYA,1455,42.5952,465455,2026-05-19 21:01:43
ESP-001,SIAGA,1018,65.67441,468616,2026-05-19 21:01:46
ESP-001,SIAGA,1460,66.29661,471753,2026-05-19 21:01:49
ESP-001,BAHAYA,1449,66.05861,474912,2026-05-19 21:01:52
ESP-001,SIAGA,1238,65.79,478237,2026-05-19 21:01:55
ESP-001,SIAGA,1080,65.72881,481400,2026-05-19 21:01:58
ESP-001,AMAN,0,65.9668,484575,2026-05-19 21:02:02
ESP-001,AMAN,0,65.82741,488475,2026-05-19 21:02:06
ESP-001,BAHAYA,1718,66.0212,492927,2026-05-19 21:02:10
ESP-001,BAHAYA,1533,65.9668,496078,2026-05-19 21:02:13
ESP-001,BAHAYA,1602,65.9056,499220,2026-05-19 21:02:16
ESP-001,BAHAYA,1619,65.73561,502350,2026-05-19 21:02:19
ESP-001,BAHAYA,1565,66.14021,505519,2026-05-19 21:02:23
ESP-001,BAHAYA,1367,65.9294,508659,2026-05-19 21:02:26
ESP-001,BAHAYA,1477,65.77301,511863,2026-05-19 21:02:29
ESP-001,BAHAYA,1480,65.59621,514990,2026-05-19 21:02:32
ESP-001,BAHAYA,1016,66.2524,518158,2026-05-19 21:02:35
ESP-001,AMAN,860,65.7662,521331,2026-05-19 21:02:38
ESP-001,AMAN,749,66.5686,524460,2026-05-19 21:02:42
ESP-001,AMAN,1011,66.13341,527603,2026-05-19 21:02:45
ESP-001,BAHAYA,1459,66.67061,530796,2026-05-19 21:02:48
ESP-001,BAHAYA,1507,66.64,533943,2026-05-19 21:02:51
ESP-001,BAHAYA,1573,66.5686,537075,2026-05-19 21:02:54
ESP-001,AMAN,506,65.8376,541503,2026-05-19 21:02:59
ESP-001,AMAN,26,65.6676,544667,2026-05-19 21:03:02
ESP-001,AMAN,0,65.77641,547770,2026-05-19 21:03:05
ESP-001,AMAN,0,65.7254,550905,2026-05-19 21:03:08
ESP-001,AMAN,0,65.6744,554057,2026-05-19 21:03:11
ESP-001,AMAN,0,65.7934,557219,2026-05-19 21:03:14
ESP-001,AMAN,0,65.9124,560337,2026-05-19 21:03:17
ESP-001,AMAN,0,65.7628,563501,2026-05-19 21:03:21
ESP-001,AMAN,0,65.8818,566634,2026-05-19 21:03:24
ESP-001,AMAN,0,65.7594,569786,2026-05-19 21:03:27
ESP-001,AMAN,0,65.6744,572949,2026-05-19 21:03:30
ESP-001,AMAN,0,65.5894,576079,2026-05-19 21:03:33
ESP-001,AMAN,0,65.9838,579221,2026-05-19 21:03:36
ESP-001,AMAN,0,65.75941,582364,2026-05-19 21:03:39
ESP-001,AMAN,0,65.8716,585517,2026-05-19 21:03:43
ESP-001,AMAN,0,66.03821,588680,2026-05-19 21:03:46
ESP-001,AMAN,0,65.9736,591810,2026-05-19 21:03:49
ESP-001,AMAN,0,66.0212,594969,2026-05-19 21:03:52
ESP-001,AMAN,0,65.46021,22840,2026-05-19 21:04:48
ESP-001,AMAN,0,65.53161,26002,2026-05-19 21:04:51
ESP-001,AMAN,0,65.467,29131,2026-05-19 21:04:54
ESP-001,AMAN,0,65.53501,32295,2026-05-19 21:04:57
ESP-001,AMAN,0,65.52141,35452,2026-05-19 21:05:01
ESP-001,AMAN,0,65.45,38581,2026-05-19 21:05:04
ESP-001,AMAN,0,65.45341,41732,2026-05-19 21:05:07
ESP-001,BAHAYA,0,6.565401,46262,2026-05-19 21:05:11
ESP-001,AMAN,0,65.70161,49448,2026-05-19 21:05:15
ESP-001,AMAN,1390,66.1674,52589,2026-05-19 21:05:18
ESP-001,AMAN,1471,66.4326,55718,2026-05-19 21:05:21
ESP-001,SIAGA,1509,66.0246,58893,2026-05-19 21:05:24
ESP-001,SIAGA,1612,66.7658,62046,2026-05-19 21:05:27
ESP-001,SIAGA,1605,66.59241,65166,2026-05-19 21:05:30
ESP-001,SIAGA,1622,66.5448,68320,2026-05-19 21:05:33
ESP-001,SIAGA,1734,65.8478,71450,2026-05-19 21:05:37
ESP-001,SIAGA,1301,66.2116,74592,2026-05-19 21:05:40
ESP-001,SIAGA,1510,66.11641,78680,2026-05-19 21:05:44
ESP-001,AMAN,0,66.0994,81861,2026-05-19 21:05:47
ESP-001,AMAN,1141,65.80701,85236,2026-05-19 21:05:50
ESP-001,AMAN,1512,65.8988,88400,2026-05-19 21:05:54
ESP-001,SIAGA,1616,66.05521,91551,2026-05-19 21:05:57
ESP-001,SIAGA,1569,66.1368,94692,2026-05-19 21:06:00
ESP-001,SIAGA,1577,66.05521,97825,2026-05-19 21:06:03
ESP-001,AMAN,711,65.8206,100988,2026-05-19 21:06:06
ESP-001,AMAN,0,65.97701,104141,2026-05-19 21:06:09
ESP-001,AMAN,0,66.1674,107270,2026-05-19 21:06:12
ESP-001,AMAN,0,65.9702,110414,2026-05-19 21:06:16
ESP-001,AMAN,0,65.8954,113572,2026-05-19 21:06:19
ESP-001,AMAN,0,65.9532,116704,2026-05-19 21:06:22
ESP-001,AMAN,0,66.2864,119844,2026-05-19 21:06:25
ESP-001,AMAN,0,66.2116,122983,2026-05-19 21:06:28
ESP-001,AMAN,0,66.09601,126136,2026-05-19 21:06:31
ESP-001,AMAN,0,66.11301,129290,2026-05-19 21:06:34
ESP-001,AMAN,0,66.1028,132419,2026-05-19 21:06:38
ESP-001,SIAGA,1657,65.8206,136498,2026-05-19 21:06:42
ESP-001,AMAN,1435,65.98041,139691,2026-05-19 21:06:45
ESP-001,SIAGA,1525,66.1572,143017,2026-05-19 21:06:48
ESP-001,SIAGA,1554,65.99061,146210,2026-05-19 21:06:51
ESP-001,SIAGA,1546,65.9736,149349,2026-05-19 21:06:55
ESP-001,SIAGA,1502,66.41901,152494,2026-05-19 21:06:58
ESP-001,SIAGA,1618,66.4224,155636,2026-05-19 21:07:01
ESP-001,SIAGA,1618,66.39861,158770,2026-05-19 21:07:04
ESP-001,SIAGA,1605,66.3204,161915,2026-05-19 21:07:07
ESP-001,AMAN,424,65.8886,165064,2026-05-19 21:07:10
ESP-001,BAHAYA,1827,66.1538,169664,2026-05-19 21:07:15
ESP-001,AMAN,0,65.84441,172842,2026-05-19 21:07:18
ESP-001,HIJAU,0,65.75941,10065,2026-05-19 21:08:02
ESP-001,AMAN,0,65.7492,13226,2026-05-19 21:08:05
ESP-001,AMAN,0,65.89201,16376,2026-05-19 21:08:08
ESP-001,AMAN,0,65.858,19507,2026-05-19 21:08:11
ESP-001,AMAN,0,65.6098,22660,2026-05-19 21:08:14
ESP-001,AMAN,1712,66.079,25791,2026-05-19 21:08:17
ESP-001,SIAGA,1252,66.27959,29134,2026-05-19 21:08:21
ESP-001,SIAGA,1367,66.25581,32286,2026-05-19 21:08:24
ESP-001,BAHAYA,1639,66.09261,35979,2026-05-19 21:08:28
ESP-001,SIAGA,1086,66.15721,39173,2026-05-19 21:08:31
ESP-001,AMAN,143,66.09599,42352,2026-05-19 21:08:34
ESP-001,AMAN,109,65.6404,45469,2026-05-19 21:08:37
ESP-001,AMAN,0,66.062,48622,2026-05-19 21:08:40
ESP-001,AMAN,0,66.3204,51765,2026-05-19 21:08:43
ESP-001,AMAN,0,66.2932,54896,2026-05-19 21:08:47
ESP-001,AMAN,0,66.317,58065,2026-05-19 21:08:50
ESP-001,AMAN,0,66.368,61197,2026-05-19 21:08:53
ESP-001,AMAN,0,66.1844,64339,2026-05-19 21:08:56
ESP-001,AMAN,0,65.88521,67502,2026-05-19 21:08:59
ESP-001,AMAN,0,65.9056,70631,2026-05-19 21:09:02
ESP-001,AMAN,0,65.7288,73801,2026-05-19 21:09:05
ESP-001,AMAN,0,65.9872,76931,2026-05-19 21:09:09
ESP-001,AMAN,0,65.7254,80084,2026-05-19 21:09:12
ESP-001,AMAN,0,66.07561,83225,2026-05-19 21:09:15
ESP-001,AMAN,0,66.0688,86365,2026-05-19 21:09:18
ESP-001,SIAGA,0,11.7436,89635,2026-05-19 21:09:21
ESP-001,SIAGA,0,13.413,92705,2026-05-19 21:09:24
ESP-001,SIAGA,0,13.4096,95780,2026-05-19 21:09:27
ESP-001,SIAGA,0,13.6782,98844,2026-05-19 21:09:31
ESP-001,SIAGA,0,14.943,101871,2026-05-19 21:09:34
ESP-001,SIAGA,0,13.345,104960,2026-05-19 21:09:37
ESP-001,AMAN,0,65.8818,108133,2026-05-19 21:09:40
ESP-001,AMAN,0,65.80699,111307,2026-05-19 21:09:43
ESP-001,AMAN,0,65.8988,114461,2026-05-19 21:09:46
ESP-001,AMAN,0,66.164,117590,2026-05-19 21:09:49
ESP-001,AMAN,0,65.8988,120746,2026-05-19 21:09:52
ESP-001,AMAN,0,65.9906,123908,2026-05-19 21:09:56
ESP-001,AMAN,0,66.147,127027,2026-05-19 21:09:59
ESP-001,AMAN,0,66.062,130189,2026-05-19 21:10:02
ESP-001,AMAN,0,66.04501,133322,2026-05-19 21:10:05
ESP-001,AMAN,0,66.14021,136477,2026-05-19 21:10:08
ESP-001,AMAN,0,65.99741,139640,2026-05-19 21:10:11
ESP-001,AMAN,0,65.98381,142771,2026-05-19 21:10:14
ESP-001,AMAN,0,66.06541,145912,2026-05-19 21:10:18
ESP-001,AMAN,0,65.97701,149059,2026-05-19 21:10:21
ESP-001,AMAN,0,65.80701,152211,2026-05-19 21:10:24
ESP-001,AMAN,0,65.9056,155373,2026-05-19 21:10:27
ESP-001,AMAN,0,65.73901,158502,2026-05-19 21:10:30
ESP-001,AMAN,0,66.36121,161656,2026-05-19 21:10:33
ESP-001,AMAN,0,66.4326,164781,2026-05-19 21:10:36
ESP-001,AMAN,0,66.55161,167943,2026-05-19 21:10:40
ESP-001,AMAN,0,66.2252,171107,2026-05-19 21:10:43
ESP-001,AMAN,0,66.38841,174238,2026-05-19 21:10:46
ESP-001,AMAN,0,66.3578,177390,2026-05-19 21:10:49
ESP-001,AMAN,0,66.4224,180525,2026-05-19 21:10:52
ESP-001,AMAN,0,65.89541,183666,2026-05-19 21:10:55
ESP-001,AMAN,0,65.9872,186839,2026-05-19 21:10:59
ESP-001,AMAN,0,66.0722,189969,2026-05-19 21:11:02
ESP-001,AMAN,0,65.8886,193122,2026-05-19 21:11:05
ESP-001,AMAN,0,65.9804,196257,2026-05-19 21:11:08
ESP-001,AMAN,0,65.7254,199420,2026-05-19 21:11:11
ESP-001,AMAN,0,65.994,202569,2026-05-19 21:11:14
ESP-001,AMAN,0,66.0688,205708,2026-05-19 21:11:17
ESP-001,AMAN,0,65.9056,208862,2026-05-19 21:11:21
ESP-001,AMAN,0,66.0824,212019,2026-05-19 21:11:24
ESP-001,AMAN,0,65.99061,215147,2026-05-19 21:11:27
ESP-001,AMAN,0,65.90221,218311,2026-05-19 21:11:30
ESP-001,AMAN,0,66.1572,221430,2026-05-19 21:11:33
ESP-001,AMAN,0,65.9804,224593,2026-05-19 21:11:36
ESP-001,AMAN,0,65.8138,227748,2026-05-19 21:11:39
ESP-001,AMAN,0,65.89201,230878,2026-05-19 21:11:43
ESP-001,AMAN,0,66.147,234043,2026-05-19 21:11:46
ESP-001,AMAN,0,65.8954,237173,2026-05-19 21:11:49
ESP-001,AMAN,0,66.14021,240312,2026-05-19 21:11:52
ESP-001,AMAN,0,65.9668,243480,2026-05-19 21:11:55
ESP-001,AMAN,0,65.80699,246610,2026-05-19 21:11:58
ESP-001,AMAN,0,66.06541,249773,2026-05-19 21:12:01
ESP-001,AMAN,0,65.8988,252902,2026-05-19 21:12:05
ESP-001,AMAN,0,66.05861,256062,2026-05-19 21:12:08
ESP-001,AMAN,0,65.9838,259202,2026-05-19 21:12:11
ESP-001,AMAN,0,65.8954,262340,2026-05-19 21:12:14
ESP-001,AMAN,0,65.8104,265508,2026-05-19 21:12:17
ESP-001,AMAN,0,66.0756,268639,2026-05-19 21:12:20
ESP-001,AMAN,0,65.9838,271798,2026-05-19 21:12:23
ESP-001,AMAN,0,65.90221,274949,2026-05-19 21:12:27
ESP-001,AMAN,0,65.8988,278068,2026-05-19 21:12:30
ESP-001,AMAN,0,65.9056,281240,2026-05-19 21:12:33
ESP-001,AMAN,0,65.90221,284368,2026-05-19 21:12:36
ESP-001,AMAN,0,65.9056,287543,2026-05-19 21:12:39
ESP-001,AMAN,0,65.7254,290698,2026-05-19 21:12:42
ESP-001,AMAN,0,65.97701,293828,2026-05-19 21:12:46
ESP-001,AMAN,0,65.9056,296978,2026-05-19 21:12:49
ESP-001,AMAN,0,65.83421,300139,2026-05-19 21:12:52
ESP-001,AMAN,0,66.0858,303276,2026-05-19 21:12:55
ESP-001,AMAN,0,65.98721,306428,2026-05-19 21:12:58
ESP-001,AMAN,0,66.07561,309557,2026-05-19 21:13:01
ESP-001,AMAN,0,66.07561,312719,2026-05-19 21:13:04
ESP-001,AMAN,0,66.2592,315860,2026-05-19 21:13:08
ESP-001,AMAN,0,66.1674,319004,2026-05-19 21:13:11
ESP-001,AMAN,0,66.079,322155,2026-05-19 21:13:14
ESP-001,AMAN,0,66.09261,325286,2026-05-19 21:13:17
ESP-001,AMAN,0,66.0722,328450,2026-05-19 21:13:20
ESP-001,AMAN,0,65.994,331602,2026-05-19 21:13:23
ESP-001,AMAN,0,65.9838,334723,2026-05-19 21:13:26
ESP-001,AMAN,0,65.74241,337886,2026-05-19 21:13:30
ESP-001,AMAN,0,66.07561,341015,2026-05-19 21:13:33
ESP-001,AMAN,0,65.89541,344179,2026-05-19 21:13:36
ESP-001,AMAN,0,65.8954,347331,2026-05-19 21:13:39
ESP-001,AMAN,0,65.90221,350467,2026-05-19 21:13:42
ESP-001,AMAN,0,65.994,353606,2026-05-19 21:13:45
ESP-001,AMAN,0,66.2388,356747,2026-05-19 21:13:48
ESP-001,AMAN,0,66.15041,359912,2026-05-19 21:13:52
ESP-001,AMAN,0,65.90561,363064,2026-05-19 21:13:55
ESP-001,AMAN,0,66.1538,366197,2026-05-19 21:13:58
ESP-001,AMAN,0,66.232,369349,2026-05-19 21:14:01
ESP-001,AMAN,0,66.1538,372467,2026-05-19 21:14:04
ESP-001,AMAN,0,65.99061,375639,2026-05-19 21:14:07
ESP-001,AMAN,0,66.232,378795,2026-05-19 21:14:10
ESP-001,AMAN,0,65.98721,381924,2026-05-19 21:14:14
ESP-001,AMAN,0,66.1606,385077,2026-05-19 21:14:17
ESP-001,AMAN,0,66.0688,388239,2026-05-19 21:14:20
ESP-001,AMAN,0,66.06541,391355,2026-05-19 21:14:23
ESP-001,AMAN,0,66.05861,394525,2026-05-19 21:14:26
ESP-001,AMAN,0,66.0722,397654,2026-05-19 21:14:29
ESP-001,AMAN,0,65.99741,400807,2026-05-19 21:14:32
ESP-001,AMAN,0,66.3034,403969,2026-05-19 21:14:36
ESP-001,AMAN,0,66.1572,407098,2026-05-19 21:14:39
ESP-001,AMAN,0,65.73901,410244,2026-05-19 21:14:42
ESP-001,AMAN,0,66.1572,413382,2026-05-19 21:14:45
ESP-001,AMAN,0,66.147,416537,2026-05-19 21:14:48
ESP-001,AMAN,0,66.07561,419700,2026-05-19 21:14:51
ESP-001,AMAN,0,66.1572,422830,2026-05-19 21:14:55
ESP-001,AMAN,0,66.07561,425986,2026-05-19 21:14:58
ESP-001,AMAN,0,66.0858,429105,2026-05-19 21:15:01
ESP-001,AMAN,0,66.0688,432267,2026-05-19 21:15:04
ESP-001,AMAN,0,65.9838,435428,2026-05-19 21:15:07
ESP-001,AMAN,0,65.8954,438556,2026-05-19 21:15:10
ESP-001,AMAN,0,66.062,441714,2026-05-19 21:15:13
ESP-001,AMAN,0,65.909,444844,2026-05-19 21:15:17
ESP-001,AMAN,0,65.90221,447985,2026-05-19 21:15:20
ESP-001,AMAN,0,66.08921,451158,2026-05-19 21:15:23
ESP-001,AMAN,0,65.83761,454289,2026-05-19 21:15:26
ESP-001,AMAN,0,66.1708,457446,2026-05-19 21:15:29
ESP-001,AMAN,0,66.0858,460575,2026-05-19 21:15:32
ESP-001,AMAN,0,66.079,463739,2026-05-19 21:15:35
ESP-001,AMAN,0,66.1674,466891,2026-05-19 21:15:39
ESP-001,AMAN,0,66.0688,470029,2026-05-19 21:15:42
ESP-001,AMAN,0,65.9906,473187,2026-05-19 21:15:45
ESP-001,AMAN,0,66.06541,476341,2026-05-19 21:15:48
ESP-001,AMAN,0,66.0688,479470,2026-05-19 21:15:51
ESP-001,AMAN,0,66.079,482634,2026-05-19 21:15:54
ESP-001,AMAN,0,66.079,485752,2026-05-19 21:15:57
ESP-001,AMAN,0,66.15041,488922,2026-05-19 21:16:01
ESP-001,AMAN,0,66.06541,492074,2026-05-19 21:16:04
ESP-001,AMAN,0,66.1538,495202,2026-05-19 21:16:07
ESP-001,AMAN,0,66.05861,498366,2026-05-19 21:16:10
ESP-001,AMAN,0,66.062,501497,2026-05-19 21:16:13
ESP-001,AMAN,0,66.096,504642,2026-05-19 21:16:16
ESP-001,AMAN,0,66.00081,507805,2026-05-19 21:16:19
ESP-001,AMAN,0,66.1606,510936,2026-05-19 21:16:23
ESP-001,AMAN,0,66.09261,514098,2026-05-19 21:16:26
ESP-001,SIAGA,0,10.7406,517922,2026-05-19 21:16:30
ESP-001,SIAGA,0,11.2744,521011,2026-05-19 21:16:33
ESP-001,BAHAYA,0,6.0996,524177,2026-05-19 21:16:36
ESP-001,BAHAYA,0,5.78,527202,2026-05-19 21:16:39
ESP-001,AMAN,0,66.1674,531602,2026-05-19 21:16:43
ESP-001,AMAN,0,66.1606,534778,2026-05-19 21:16:46
ESP-001,AMAN,0,66.181,537906,2026-05-19 21:16:50
ESP-001,SIAGA,1547,66.2048,541083,2026-05-19 21:16:53
ESP-001,SIAGA,1233,66.3,544227,2026-05-19 21:16:56
ESP-001,SIAGA,1429,66.38161,547386,2026-05-19 21:16:59
ESP-001,BAHAYA,1691,66.28981,550576,2026-05-19 21:17:02
ESP-001,BAHAYA,1700,66.29661,553715,2026-05-19 21:17:05
ESP-001,BAHAYA,1567,66.3884,556868,2026-05-19 21:17:09
ESP-001,AMAN,232,66.4428,560031,2026-05-19 21:17:12
ESP-001,SIAGA,1330,66.1606,564090,2026-05-19 21:17:16
ESP-001,AMAN,0,54.2674,567268,2026-05-19 21:17:19
ESP-001,AMAN,0,66.38161,570393,2026-05-19 21:17:22
ESP-001,AMAN,0,66.4156,573546,2026-05-19 21:17:25
ESP-001,AMAN,0,66.3748,576691,2026-05-19 21:17:28
ESP-001,AMAN,0,66.1572,579831,2026-05-19 21:17:32
ESP-001,AMAN,0,66.2592,582998,2026-05-19 21:17:35
ESP-001,AMAN,0,66.32381,586126,2026-05-19 21:17:38
ESP-001,AMAN,0,66.1606,589280,2026-05-19 21:17:41
ESP-001,AMAN,0,66.2456,592433,2026-05-19 21:17:44
ESP-001,AMAN,0,66.1572,595549,2026-05-19 21:17:47
ESP-001,AMAN,0,66.062,598726,2026-05-19 21:17:50
ESP-001,AMAN,0,66.15041,601853,2026-05-19 21:17:54
ESP-001,AMAN,0,66.05861,605015,2026-05-19 21:17:57
ESP-001,AMAN,0,66.232,608167,2026-05-19 21:18:00
ESP-001,AMAN,0,66.08241,611296,2026-05-19 21:18:03
ESP-001,AMAN,0,66.07561,614452,2026-05-19 21:18:06
ESP-001,AMAN,0,65.99061,617613,2026-05-19 21:18:09
ESP-001,AMAN,0,66.05861,620741,2026-05-19 21:18:12
ESP-001,AMAN,0,66.062,623894,2026-05-19 21:18:16
ESP-001,AMAN,0,66.07561,627024,2026-05-19 21:18:19
ESP-001,AMAN,0,65.8172,630191,2026-05-19 21:18:22
ESP-001,AMAN,0,65.80701,633330,2026-05-19 21:18:25
ESP-001,AMAN,0,66.4326,636469,2026-05-19 21:18:28
ESP-001,AMAN,0,66.30341,639621,2026-05-19 21:18:31
ESP-001,AMAN,0,66.2014,642749,2026-05-19 21:18:34
ESP-001,AMAN,0,66.29661,645917,2026-05-19 21:18:38
ESP-001,AMAN,0,66.29661,649070,2026-05-19 21:18:41
ESP-001,AMAN,0,66.3102,652188,2026-05-19 21:18:44
ESP-001,AMAN,0,66.21841,655354,2026-05-19 21:18:47
ESP-001,AMAN,0,65.994,658484,2026-05-19 21:18:50
ESP-001,AMAN,0,66.079,661651,2026-05-19 21:18:53
ESP-001,AMAN,0,66.1572,664803,2026-05-19 21:18:56
ESP-001,AMAN,0,66.0688,667932,2026-05-19 21:19:00
ESP-001,AMAN,0,65.98721,671075,2026-05-19 21:19:03
ESP-001,AMAN,0,66.062,674214,2026-05-19 21:19:06
ESP-001,AMAN,0,66.06541,677380,2026-05-19 21:19:09
ESP-001,AMAN,0,65.9838,680536,2026-05-19 21:19:12
ESP-001,AMAN,0,65.99061,683665,2026-05-19 21:19:15
ESP-001,AMAN,0,66.2388,686817,2026-05-19 21:19:18
ESP-001,AMAN,0,66.1572,689933,2026-05-19 21:19:22
ESP-001,AMAN,0,66.2422,693108,2026-05-19 21:19:25
ESP-001,AMAN,0,66.06541,696259,2026-05-19 21:19:28
ESP-001,AMAN,0,66.1606,699386,2026-05-19 21:19:31
ESP-001,AMAN,0,66.08241,702537,2026-05-19 21:19:34
ESP-001,AMAN,0,66.0858,705699,2026-05-19 21:19:37
ESP-001,AMAN,0,65.99741,708824,2026-05-19 21:19:41
ESP-001,AMAN,0,66.1674,711985,2026-05-19 21:19:44
ESP-001,AMAN,0,66.07561,715114,2026-05-19 21:19:47
ESP-001,AMAN,0,66.2524,718267,2026-05-19 21:19:50
ESP-001,AMAN,0,66.0008,721429,2026-05-19 21:19:53
ESP-001,AMAN,0,65.21541,724562,2026-05-19 21:19:56
ESP-001,AMAN,0,66.232,727703,2026-05-19 21:19:59
ESP-001,AMAN,0,66.15041,730841,2026-05-19 21:20:03
ESP-001,AMAN,0,66.0722,733995,2026-05-19 21:20:06
ESP-001,AMAN,0,66.2422,737152,2026-05-19 21:20:09
ESP-001,AMAN,0,66.05521,740287,2026-05-19 21:20:12
ESP-001,AMAN,0,66.1606,743439,2026-05-19 21:20:15
ESP-001,AMAN,0,66.36121,746556,2026-05-19 21:20:18
ESP-001,AMAN,0,66.249,749717,2026-05-19 21:20:21
ESP-001,AMAN,0,66.1742,752879,2026-05-19 21:20:25
ESP-001,AMAN,0,66.08241,756014,2026-05-19 21:20:28
ESP-001,AMAN,0,66.1606,759167,2026-05-19 21:20:31
ESP-001,AMAN,0,66.164,762296,2026-05-19 21:20:34
ESP-001,AMAN,0,65.99741,765436,2026-05-19 21:20:37
ESP-001,AMAN,0,66.0722,768610,2026-05-19 21:20:40
ESP-001,AMAN,0,66.164,771747,2026-05-19 21:20:43
ESP-001,AMAN,0,66.0722,774898,2026-05-19 21:20:47
ESP-001,AMAN,0,66.0858,778027,2026-05-19 21:20:50
ESP-001,AMAN,0,66.164,784342,2026-05-19 21:20:56
ESP-001,AMAN,0,66.249,787486,2026-05-19 21:20:59
ESP-001,AMAN,0,66.23881,790637,2026-05-19 21:21:02
ESP-001,AMAN,0,66.1674,793791,2026-05-19 21:21:05
ESP-001,AMAN,0,66.1674,796920,2026-05-19 21:21:09
ESP-001,AMAN,0,66.0858,800083,2026-05-19 21:21:12
ESP-001,AMAN,0,66.164,803206,2026-05-19 21:21:15
ESP-001,AMAN,0,66.1606,806368,2026-05-19 21:21:18
ESP-001,AMAN,0,66.17421,809521,2026-05-19 21:21:21
ESP-001,AMAN,0,66.249,812651,2026-05-19 21:21:24
ESP-001,AMAN,0,66.2388,815814,2026-05-19 21:21:27
ESP-001,AMAN,0,66.147,818948,2026-05-19 21:21:31
ESP-001,AMAN,0,66.3442,822088,2026-05-19 21:21:34
ESP-001,AMAN,0,66.44621,825250,2026-05-19 21:21:37
ESP-001,AMAN,0,66.5482,828379,2026-05-19 21:21:40
ESP-001,AMAN,0,66.51421,831547,2026-05-19 21:21:43
ESP-001,AMAN,0,65.98381,834675,2026-05-19 21:21:46
ESP-001,AMAN,0,66.062,837829,2026-05-19 21:21:50
ESP-001,AMAN,0,66.164,840969,2026-05-19 21:21:53
ESP-001,AMAN,0,65.90901,844107,2026-05-19 21:21:56
ESP-001,AMAN,0,65.9804,847277,2026-05-19 21:21:59
ESP-001,AMAN,0,66.07561,850406,2026-05-19 21:22:02
ESP-001,AMAN,0,66.1606,853560,2026-05-19 21:22:05
ESP-001,AMAN,0,65.82401,856712,2026-05-19 21:22:08
ESP-001,AMAN,0,65.9838,859828,2026-05-19 21:22:12
ESP-001,AMAN,0,66.2354,863007,2026-05-19 21:22:15
ESP-001,AMAN,0,66.25581,866136,2026-05-19 21:22:18
ESP-001,AMAN,0,66.45641,869298,2026-05-19 21:22:21
ESP-001,AMAN,0,66.40881,872451,2026-05-19 21:22:24
ESP-001,AMAN,0,66.26939,875582,2026-05-19 21:22:27
ESP-001,AMAN,0,66.3748,878740,2026-05-19 21:22:30
ESP-001,AMAN,0,66.334,881901,2026-05-19 21:22:34
ESP-001,AMAN,0,66.5074,885030,2026-05-19 21:22:37
ESP-001,AMAN,0,66.1538,888185,2026-05-19 21:22:40
ESP-001,AMAN,0,66.09601,891315,2026-05-19 21:22:43
ESP-001,AMAN,0,66.1674,894486,2026-05-19 21:22:46
ESP-001,AMAN,0,66.1572,897625,2026-05-19 21:22:49
ESP-001,AMAN,0,66.1538,900765,2026-05-19 21:22:52
ESP-001,AMAN,0,66.1606,903918,2026-05-19 21:22:56
ESP-001,AMAN,0,66.00761,907046,2026-05-19 21:22:59
ESP-001,AMAN,0,65.9906,910216,2026-05-19 21:23:02
ESP-001,AMAN,0,66.1606,913368,2026-05-19 21:23:05
ESP-001,AMAN,0,66.0722,916488,2026-05-19 21:23:08
ESP-001,AMAN,0,66.09261,919649,2026-05-19 21:23:11
ESP-001,AMAN,0,66.32381,922781,2026-05-19 21:23:14
ESP-001,AMAN,0,66.2354,925952,2026-05-19 21:23:18
ESP-001,AMAN,0,66.40541,929104,2026-05-19 21:23:21
ESP-001,AMAN,0,65.9872,932232,2026-05-19 21:23:24
ESP-001,AMAN,0,66.1572,935375,2026-05-19 21:23:27
ESP-001,AMAN,0,66.079,938513,2026-05-19 21:23:30
ESP-001,AMAN,0,65.90221,941680,2026-05-19 21:23:33
ESP-001,AMAN,0,65.8172,944832,2026-05-19 21:23:37
ESP-001,AMAN,0,66.08241,947961,2026-05-19 21:23:40
ESP-001,AMAN,0,66.07561,951114,2026-05-19 21:23:43
ESP-001,AMAN,0,66.0858,954230,2026-05-19 21:23:46
ESP-001,AMAN,0,65.98721,957409,2026-05-19 21:23:49
ESP-001,AMAN,0,66.1606,960561,2026-05-19 21:23:52
ESP-001,AMAN,0,65.90561,963690,2026-05-19 21:23:55
ESP-001,AMAN,0,66.1436,966844,2026-05-19 21:23:59
ESP-001,AMAN,0,66.079,970014,2026-05-19 21:24:02
ESP-001,AMAN,0,66.1368,973134,2026-05-19 21:24:05
ESP-001,AMAN,0,66.062,976295,2026-05-19 21:24:08
ESP-001,AMAN,0,66.164,979423,2026-05-19 21:24:11
ESP-001,AMAN,0,65.9192,982577,2026-05-19 21:24:14
ESP-001,AMAN,0,65.97701,985746,2026-05-19 21:24:17
ESP-001,AMAN,0,65.8138,988875,2026-05-19 21:24:21
ESP-001,AMAN,0,65.83081,992016,2026-05-19 21:24:24
ESP-001,AMAN,0,66.079,995155,2026-05-19 21:24:27
ESP-001,AMAN,0,66.0722,998307,2026-05-19 21:24:30
ESP-001,AMAN,0,65.91241,1001476,2026-05-19 21:24:33
ESP-001,AMAN,0,65.84441,1004608,2026-05-19 21:24:36
ESP-001,AMAN,0,65.92261,1007762,2026-05-19 21:24:39
ESP-001,AMAN,0,65.82401,1010880,2026-05-19 21:24:43
ESP-001,AMAN,0,65.99061,1014043,2026-05-19 21:24:46
ESP-001,AMAN,0,66.06541,1017212,2026-05-19 21:24:49
ESP-001,AMAN,0,65.74921,1020342,2026-05-19 21:24:52
ESP-001,AMAN,0,66.1776,1023496,2026-05-19 21:24:55
ESP-001,AMAN,0,66.0722,1026625,2026-05-19 21:24:58
ESP-001,AMAN,0,66.079,1029767,2026-05-19 21:25:01
ESP-001,AMAN,0,66.2422,1032942,2026-05-19 21:25:05
ESP-001,AMAN,0,65.994,1036071,2026-05-19 21:25:08
ESP-001,AMAN,0,66.38161,1039227,2026-05-19 21:25:11
ESP-001,AMAN,0,66.39521,1042357,2026-05-19 21:25:14
ESP-001,AMAN,0,66.1606,1045521,2026-05-19 21:25:17
ESP-001,AMAN,0,66.59921,1048677,2026-05-19 21:25:20
ESP-001,AMAN,0,66.49721,1051816,2026-05-19 21:25:23
ESP-001,AMAN,0,66.3578,1054969,2026-05-19 21:25:27
ESP-001,AMAN,0,66.2864,1058120,2026-05-19 21:25:30
ESP-001,AMAN,0,66.4326,1061248,2026-05-19 21:25:33
ESP-001,AMAN,1384,66.2932,1064415,2026-05-19 21:25:36
ESP-001,SIAGA,1397,66.28981,1067566,2026-05-19 21:25:39
ESP-001,SIAGA,1469,66.28981,1070707,2026-05-19 21:25:42
ESP-001,BAHAYA,1703,66.3,1073870,2026-05-19 21:25:46
ESP-001,SIAGA,1464,66.2796,1077034,2026-05-19 21:25:49
ESP-001,BAHAYA,1755,66.2252,1080202,2026-05-19 21:25:52
ESP-001,BAHAYA,1598,66.5074,1083342,2026-05-19 21:25:55
ESP-001,SIAGA,1572,66.283,1086514,2026-05-19 21:25:58
ESP-001,SIAGA,1588,66.2728,1089656,2026-05-19 21:26:01
ESP-001,SIAGA,1041,66.40881,1092785,2026-05-19 21:26:04
ESP-001,SIAGA,1293,66.41221,1095935,2026-05-19 21:26:08
ESP-001,SIAGA,1290,66.57881,1099064,2026-05-19 21:26:11
ESP-001,SIAGA,1313,66.7556,1102206,2026-05-19 21:26:14
ESP-001,SIAGA,685,66.793,1105336,2026-05-19 21:26:17
ESP-001,AMAN,398,66.2014,1108484,2026-05-19 21:26:20
ESP-001,AMAN,583,66.8848,1111634,2026-05-19 21:26:23
ESP-001,SIAGA,1034,66.844,1114819,2026-05-19 21:26:26
ESP-001,SIAGA,1546,66.49721,1117951,2026-05-19 21:26:30
ESP-001,BAHAYA,1623,66.63661,1121123,2026-05-19 21:26:33
ESP-001,BAHAYA,1661,66.9086,1124269,2026-05-19 21:26:36
ESP-001,AMAN,288,66.1912,1128195,2026-05-19 21:26:40
ESP-001,AMAN,694,66.61281,1131334,2026-05-19 21:26:43
ESP-001,AMAN,0,66.6162,1134477,2026-05-19 21:26:46
ESP-001,AMAN,0,66.6094,1137631,2026-05-19 21:26:49
ESP-001,AMAN,0,66.4836,1140768,2026-05-19 21:26:52
ESP-001,AMAN,0,66.4496,1143918,2026-05-19 21:26:56
ESP-001,AMAN,0,66.43601,1147034,2026-05-19 21:26:59
ESP-001,AMAN,0,66.61281,1150198,2026-05-19 21:27:02
ESP-001,AMAN,0,66.3952,1153349,2026-05-19 21:27:05
ESP-001,AMAN,0,66.4666,1156486,2026-05-19 21:27:08
ESP-001,AMAN,0,66.3918,1159638,2026-05-19 21:27:11
ESP-001,AMAN,0,66.5754,1162768,2026-05-19 21:27:14
ESP-001,AMAN,0,66.60261,1165918,2026-05-19 21:27:18
ESP-001,AMAN,0,66.6808,1169081,2026-05-19 21:27:21
ESP-001,AMAN,0,66.5958,1172218,2026-05-19 21:27:24
ESP-001,SIAGA,0,16.1568,1176067,2026-05-19 21:27:28
ESP-001,SIAGA,0,16.7892,1179184,2026-05-19 21:27:31
ESP-001,SIAGA,0,16.0208,1182275,2026-05-19 21:27:34
ESP-001,BAHAYA,0,6.035,1185950,2026-05-19 21:27:38
ESP-001,BAHAYA,0,6.919,1189016,2026-05-19 21:27:41
ESP-001,AMAN,0,66.4734,1193731,2026-05-19 21:27:45
ESP-001,AMAN,0,66.76921,1196903,2026-05-19 21:27:49
ESP-001,AMAN,0,66.5482,1200055,2026-05-19 21:27:52
ESP-001,AMAN,0,66.36121,1203189,2026-05-19 21:27:55
ESP-001,AMAN,1273,66.29661,1206304,2026-05-19 21:27:58
ESP-001,AMAN,448,30.4674,1210308,2026-05-19 21:28:02
ESP-001,AMAN,11,66.9052,1213346,2026-05-19 21:28:05
ESP-001,AMAN,0,66.8066,1216470,2026-05-19 21:28:08
ESP-001,SIAGA,1342,42.8536,1220315,2026-05-19 21:28:12
ESP-001,SIAGA,1276,66.7318,1223674,2026-05-19 21:28:15
ESP-001,SIAGA,1414,66.61281,1227607,2026-05-19 21:28:19
ESP-001,SIAGA,1214,30.8958,1230731,2026-05-19 21:28:22
ESP-001,BAHAYA,1316,7.0516,1233782,2026-05-19 21:28:25
ESP-001,SIAGA,1475,66.4666,1236901,2026-05-19 21:28:29
ESP-001,SIAGA,1518,66.27621,1240029,2026-05-19 21:28:32
ESP-001,BAHAYA,1653,66.4632,1243554,2026-05-19 21:28:35
ESP-001,BAHAYA,1682,66.4326,1246706,2026-05-19 21:28:38
ESP-001,BAHAYA,1448,66.37821,1249854,2026-05-19 21:28:42
ESP-001,AMAN,169,66.69441,1253059,2026-05-19 21:28:45
ESP-001,AMAN,307,66.24221,1256411,2026-05-19 21:28:48
ESP-001,AMAN,331,66.33741,1259573,2026-05-19 21:28:51
ESP-001,AMAN,355,66.23201,1262718,2026-05-19 21:28:54
ESP-001,AMAN,343,66.6162,1265846,2026-05-19 21:28:58
ESP-001,AMAN,347,66.44621,1268990,2026-05-19 21:29:01
ESP-001,AMAN,354,66.53461,1272141,2026-05-19 21:29:04
ESP-001,AMAN,356,66.2218,1275257,2026-05-19 21:29:07
ESP-001,AMAN,364,66.4088,1278418,2026-05-19 21:29:10
ESP-001,AMAN,347,66.3,1281550,2026-05-19 21:29:13
ESP-001,AMAN,336,66.1266,1284693,2026-05-19 21:29:16
ESP-001,AMAN,352,66.2184,1287847,2026-05-19 21:29:20
ESP-001,AMAN,354,66.29661,1290976,2026-05-19 21:29:23
ESP-001,AMAN,341,66.28981,1294110,2026-05-19 21:29:26
ESP-001,AMAN,351,66.1402,1297250,2026-05-19 21:29:29
ESP-001,AMAN,347,66.2252,1300393,2026-05-19 21:29:32
ESP-001,AMAN,341,66.43941,1303545,2026-05-19 21:29:35
ESP-001,AMAN,0,66.453,1306677,2026-05-19 21:29:38
ESP-001,AMAN,0,66.3,1309825,2026-05-19 21:29:42
ESP-001,AMAN,0,66.2218,1312941,2026-05-19 21:29:45
ESP-001,AMAN,0,66.29661,1316104,2026-05-19 21:29:48
ESP-001,AMAN,0,66.38161,1319267,2026-05-19 21:29:51
ESP-001,AMAN,0,66.47001,1322396,2026-05-19 21:29:54
ESP-001,AMAN,0,66.3748,1325556,2026-05-19 21:29:57
ESP-001,AMAN,0,66.21159,1328685,2026-05-19 21:30:00
ESP-001,AMAN,0,66.38499,1331827,2026-05-19 21:30:04
ESP-001,AMAN,0,66.4734,1334999,2026-05-19 21:30:07
ESP-001,AMAN,0,66.3918,1338129,2026-05-19 21:30:10
ESP-001,AMAN,0,66.29661,1341288,2026-05-19 21:30:13
ESP-001,AMAN,0,66.47681,1344417,2026-05-19 21:30:16
ESP-001,AMAN,0,66.44961,1347580,2026-05-19 21:30:19
ESP-001,AMAN,0,66.3,1350732,2026-05-19 21:30:22
ESP-001,AMAN,0,66.39861,1353871,2026-05-19 21:30:26
ESP-001,AMAN,0,66.3136,1357034,2026-05-19 21:30:29
ESP-001,AMAN,0,66.38501,1360185,2026-05-19 21:30:32
ESP-001,AMAN,0,66.3102,1363316,2026-05-19 21:30:35
ESP-001,AMAN,0,66.1912,1366481,2026-05-19 21:30:38
ESP-001,AMAN,0,66.1266,1369599,2026-05-19 21:30:41
ESP-001,AMAN,0,66.0416,1372767,2026-05-19 21:30:44
ESP-001,AMAN,0,66.2252,1375919,2026-05-19 21:30:48
ESP-001,AMAN,0,65.9566,1379049,2026-05-19 21:30:51
ESP-001,AMAN,0,66.1368,1382213,2026-05-19 21:30:54
ESP-001,AMAN,0,66.31361,1385345,2026-05-19 21:30:57
ESP-001,AMAN,0,66.3782,1388489,2026-05-19 21:31:00
ESP-001,AMAN,0,4.0052,1391617,2026-05-19 21:31:03
ESP-001,HIJAU,0,221.221,13367,2026-05-20 08:37:01
ESP-001,AMAN,0,221.1802,16446,2026-05-20 08:37:04
ESP-001,AMAN,0,221.2108,19502,2026-05-20 08:37:07
ESP-001,AMAN,0,180.1864,22520,2026-05-20 08:37:10
ESP-001,AMAN,0,221.2108,25664,2026-05-20 08:37:13
ESP-001,AMAN,0,221.2414,28708,2026-05-20 08:37:16
ESP-001,AMAN,0,221.2346,31764,2026-05-20 08:37:19
ESP-001,AMAN,0,221.2346,34831,2026-05-20 08:37:22
ESP-001,AMAN,0,221.2482,37863,2026-05-20 08:37:25
ESP-001,AMAN,0,221.2652,40951,2026-05-20 08:37:28
ESP-001,AMAN,0,221.2822,43995,2026-05-20 08:37:32
ESP-001,AMAN,0,221.1598,47055,2026-05-20 08:37:35
ESP-001,BAHAYA,0,221.2448,50172,2026-05-20 08:37:38
ESP-001,SIAGA,0,16.8402,54159,2026-05-20 08:37:42
ESP-001,AMAN,0,221.2652,57385,2026-05-20 08:37:45
ESP-001,AMAN,0,221.2618,60423,2026-05-20 08:37:48
ESP-001,AMAN,0,221.272,63657,2026-05-20 08:37:51
ESP-001,AMAN,0,221.2346,66724,2026-05-20 08:37:54
ESP-001,AMAN,0,129.9786,69922,2026-05-20 08:37:57
ESP-001,AMAN,0,221.2686,73100,2026-05-20 08:38:01
ESP-001,HIJAU,0,220.9184,8989,2026-05-20 08:40:39
ESP-001,AMAN,0,220.9966,12068,2026-05-20 08:40:43
ESP-001,AMAN,0,221.1394,15123,2026-05-20 08:40:46
ESP-001,AMAN,0,221.0238,18155,2026-05-20 08:40:49
ESP-001,AMAN,0,220.847,21221,2026-05-20 08:40:52
ESP-001,AMAN,0,221.0034,24253,2026-05-20 08:40:55
ESP-001,BAHAYA,0,8.823,28663,2026-05-20 08:40:59
ESP-001,SIAGA,0,16.711,31836,2026-05-20 08:41:02
ESP-001,SIAGA,0,16.388,34971,2026-05-20 08:41:05
ESP-001,AMAN,0,221.119,38018,2026-05-20 08:41:08
ESP-001,AMAN,0,220.9388,41091,2026-05-20 08:41:12
ESP-001,AMAN,0,220.949,44121,2026-05-20 08:41:15
ESP-001,AMAN,0,220.949,47190,2026-05-20 08:41:18
ESP-001,AMAN,0,221.1156,50445,2026-05-20 08:41:21
ESP-001,AMAN,0,221.0952,53651,2026-05-20 08:41:24
ESP-001,AMAN,0,27.9548,56725,2026-05-20 08:41:27
ESP-001,AMAN,0,221.0238,59953,2026-05-20 08:41:30
ESP-001,AMAN,0,221.119,63029,2026-05-20 08:41:33
ESP-001,AMAN,0,221.0918,66083,2026-05-20 08:41:37
ESP-001,AMAN,0,221.0204,69126,2026-05-20 08:41:40
ESP-001,AMAN,0,221.1836,72187,2026-05-20 08:41:43
ESP-001,AMAN,0,220.9932,75242,2026-05-20 08:41:46
ESP-001,AMAN,0,103.0302,78324,2026-05-20 08:41:49
ESP-001,AMAN,0,220.932,81379,2026-05-20 08:41:52
ESP-001,AMAN,0,221,84431,2026-05-20 08:41:55
ESP-001,BAHAYA,0,2.1692,24013,2026-05-20 09:35:55
ESP-001,AMAN,0,227.9326,27121,2026-05-20 09:35:58
ESP-001,AMAN,0,227.868,30191,2026-05-20 09:36:01
ESP-001,AMAN,0,228.0074,33224,2026-05-20 09:36:04
ESP-001,AMAN,0,228.0346,36299,2026-05-20 09:36:07
ESP-001,AMAN,0,228.0142,39331,2026-05-20 09:36:10
ESP-001,AMAN,0,228.038,42412,2026-05-20 09:36:13
ESP-001,AMAN,0,228.004,45491,2026-05-20 09:36:16
ESP-001,AMAN,0,227.7014,48524,2026-05-20 09:36:19
ESP-001,AMAN,0,227.7524,51600,2026-05-20 09:36:22
ESP-001,AMAN,0,228.0482,54636,2026-05-20 09:36:25
ESP-001,AMAN,0,228.2454,57715,2026-05-20 09:36:28
ESP-001,AMAN,0,227.885,60761,2026-05-20 09:36:32
ESP-001,AMAN,0,227.9258,63827,2026-05-20 09:36:35
ESP-001,AMAN,0,228.1196,66898,2026-05-20 09:36:38
ESP-001,AMAN,0,227.9156,69938,2026-05-20 09:36:41
ESP-001,AMAN,0,227.9326,73029,2026-05-20 09:36:44
ESP-001,AMAN,0,227.9326,76075,2026-05-20 09:36:47
ESP-001,AMAN,0,227.987,79133,2026-05-20 09:36:50
ESP-001,AMAN,0,228.021,82200,2026-05-20 09:36:53
ESP-001,AMAN,0,228.0754,85243,2026-05-20 09:36:56
ESP-001,AMAN,0,228.0074,88322,2026-05-20 09:36:59
ESP-001,AMAN,0,227.9326,91369,2026-05-20 09:37:02
ESP-001,AMAN,0,228.0108,94426,2026-05-20 09:37:05
ESP-001,AMAN,0,227.9054,97505,2026-05-20 09:37:08
ESP-001,AMAN,0,228.1298,100545,2026-05-20 09:37:11
ESP-001,AMAN,0,227.9224,103625,2026-05-20 09:37:14
ESP-001,AMAN,0,227.9938,106670,2026-05-20 09:37:17
ESP-001,AMAN,0,227.7864,109726,2026-05-20 09:37:20
ESP-001,AMAN,0,227.698,112796,2026-05-20 09:37:24
ESP-001,AMAN,0,227.987,115837,2026-05-20 09:37:27
ESP-001,AMAN,0,227.9802,118916,2026-05-20 09:37:30
ESP-001,AMAN,0,227.9326,121963,2026-05-20 09:37:33
ESP-001,AMAN,0,227.851,125028,2026-05-20 09:37:36
ESP-001,AMAN,0,228.0346,128075,2026-05-20 09:37:39
ESP-001,AMAN,0,227.715,131149,2026-05-20 09:37:42
ESP-001,AMAN,0,227.8646,134229,2026-05-20 09:37:45
ESP-001,AMAN,0,228.0108,137275,2026-05-20 09:37:48
ESP-001,AMAN,0,228.038,140332,2026-05-20 09:37:51
ESP-001,AMAN,0,227.7286,143378,2026-05-20 09:37:54
ESP-001,AMAN,0,228.1978,146443,2026-05-20 09:37:57
ESP-001,AMAN,0,227.8306,149480,2026-05-20 09:38:00
ESP-001,AMAN,0,227.8884,152692,2026-05-20 09:38:03
ESP-001,AMAN,0,227.9122,155749,2026-05-20 09:38:07
ESP-001,AMAN,0,228.1502,158935,2026-05-20 09:38:10
ESP-001,AMAN,0,228.1434,162023,2026-05-20 09:38:13
ESP-001,AMAN,0,228.0856,165081,2026-05-20 09:38:16
ESP-001,AMAN,0,128.4826,168124,2026-05-20 09:38:19
ESP-001,AMAN,0,173.6992,171171,2026-05-20 09:38:22
ESP-001,AMAN,0,228.1196,174205,2026-05-20 09:38:25
ESP-001,AMAN,0,228.1604,177277,2026-05-20 09:38:28
ESP-001,AMAN,0,228.0584,180343,2026-05-20 09:38:31
ESP-001,AMAN,0,228.106,183557,2026-05-20 09:38:34
ESP-001,AMAN,0,227.749,186642,2026-05-20 09:38:37
ESP-001,AMAN,0,227.8034,189688,2026-05-20 09:38:40
ESP-001,AMAN,0,228.1808,192745,2026-05-20 09:38:44
ESP-001,AMAN,0,228.1638,195822,2026-05-20 09:38:47
ESP-001,AMAN,0,228.0754,198854,2026-05-20 09:38:50
ESP-001,AMAN,0,228.089,201934,2026-05-20 09:38:53
ESP-001,AMAN,0,228.1264,205108,2026-05-20 09:38:56
ESP-001,AMAN,0,216.3352,208199,2026-05-20 09:38:59
ESP-001,AMAN,0,22.2462,211327,2026-05-20 09:39:02
ESP-001,AMAN,0,228.123,214460,2026-05-20 09:39:05
ESP-001,AMAN,0,228.1264,217530,2026-05-20 09:39:08
ESP-001,AMAN,0,110.9896,220700,2026-05-20 09:39:11
ESP-001,AMAN,0,179.2276,223771,2026-05-20 09:39:15
ESP-001,AMAN,0,125.5688,226879,2026-05-20 09:39:18
ESP-001,AMAN,0,15.2082,229994,2026-05-20 09:39:21
ESP-001,AMAN,0,228.4222,233149,2026-05-20 09:39:24
ESP-001,AMAN,0,228.2114,236182,2026-05-20 09:39:27
ESP-001,AMAN,0,227.9326,239271,2026-05-20 09:39:30
ESP-001,AMAN,0,228.055,242347,2026-05-20 09:39:33
ESP-001,AMAN,0,228.157,245381,2026-05-20 09:39:36
ESP-001,AMAN,0,228.1128,248450,2026-05-20 09:39:39
ESP-001,AMAN,0,228.1332,251483,2026-05-20 09:39:42
ESP-001,AMAN,0,228.0074,254563,2026-05-20 09:39:45
ESP-001,AMAN,0,228.1162,257641,2026-05-20 09:39:48
ESP-001,AMAN,0,228.1468,260680,2026-05-20 09:39:51
ESP-001,AMAN,0,227.9802,264429,2026-05-20 09:39:55
ESP-001,AMAN,0,228.2318,267482,2026-05-20 09:39:58
ESP-001,AMAN,0,227.9836,270529,2026-05-20 09:40:01
ESP-001,AMAN,0,227.9632,273586,2026-05-20 09:40:04
ESP-001,BAHAYA,0,3.3218,276665,2026-05-20 09:40:07
ESP-001,BAHAYA,0,3.57,279718,2026-05-20 09:40:10
ESP-001,BAHAYA,0,3.57,282756,2026-05-20 09:40:14
ESP-001,BAHAYA,0,6.12,285791,2026-05-20 09:40:17
ESP-001,BAHAYA,0,3.2606,288842,2026-05-20 09:40:20
ESP-001,BAHAYA,0,2.941,291868,2026-05-20 09:40:23
ESP-001,BAHAYA,0,1.9856,294921,2026-05-20 09:40:26
ESP-001,BAHAYA,0,4.5152,297980,2026-05-20 09:40:29
ESP-001,BAHAYA,0,5.1612,301006,2026-05-20 09:40:32
ESP-001,BAHAYA,0,5.1646,304066,2026-05-20 09:40:35
ESP-001,BAHAYA,0,3.893,307243,2026-05-20 09:40:38
ESP-001,BAHAYA,0,2.6214,310336,2026-05-20 09:40:41
ESP-001,BAHAYA,0,2.295,313394,2026-05-20 09:40:44
ESP-001,BAHAYA,0,3.2504,316420,2026-05-20 09:40:47
ESP-001,BAHAYA,0,3.2538,319457,2026-05-20 09:40:50
ESP-001,BAHAYA,0,3.2504,322492,2026-05-20 09:40:53
ESP-001,BAHAYA,0,3.2504,325550,2026-05-20 09:40:56
ESP-001,BAHAYA,0,3.2572,328599,2026-05-20 09:40:59
ESP-001,BAHAYA,0,3.893,331777,2026-05-20 09:41:03
ESP-001,BAHAYA,0,2.295,334837,2026-05-20 09:41:06
ESP-001,BAHAYA,0,10.6998,337881,2026-05-20 09:41:09
ESP-001,AMAN,0,200.0934,342433,2026-05-20 09:41:13
ESP-001,AMAN,0,228.1876,345664,2026-05-20 09:41:16
ESP-001,AMAN,0,227.936,348925,2026-05-20 09:41:20
ESP-001,AMAN,0,228.14,351969,2026-05-20 09:41:23
ESP-001,AMAN,0,227.9394,355031,2026-05-20 09:41:26
ESP-001,AMAN,0,228.2726,358077,2026-05-20 09:41:29
ESP-001,AMAN,0,228.1638,361134,2026-05-20 09:41:32
ESP-001,AMAN,0,169.0548,364320,2026-05-20 09:41:35
ESP-001,AMAN,0,222.785,367473,2026-05-20 09:41:38
ESP-001,AMAN,0,202.6162,370492,2026-05-20 09:41:41
ESP-001,AMAN,0,129.3598,373593,2026-05-20 09:41:44
ESP-001,AMAN,0,222.8156,376800,2026-05-20 09:41:48
ESP-001,AMAN,0,228.1366,379842,2026-05-20 09:41:51
ESP-001,AMAN,0,228.1264,382897,2026-05-20 09:41:54
ESP-001,AMAN,0,228.0754,385969,2026-05-20 09:41:57
ESP-001,AMAN,0,227.9054,389002,2026-05-20 09:42:00
ESP-001,AMAN,0,228.2216,392079,2026-05-20 09:42:03
ESP-001,AMAN,0,228.429,395112,2026-05-20 09:42:06
ESP-001,AMAN,0,228.0278,398201,2026-05-20 09:42:09
ESP-001,AMAN,0,228.2182,401270,2026-05-20 09:42:12
ESP-001,AMAN,0,228.3644,404304,2026-05-20 09:42:15
ESP-001,AMAN,0,228.106,407381,2026-05-20 09:42:18
ESP-001,AMAN,0,227.868,410565,2026-05-20 09:42:21
ESP-001,AMAN,0,228.1842,413642,2026-05-20 09:42:24
ESP-001,AMAN,0,228.0618,416709,2026-05-20 09:42:27
ESP-001,AMAN,0,228.0754,419754,2026-05-20 09:42:31
ESP-001,AMAN,0,228.1604,422812,2026-05-20 09:42:34
ESP-001,AMAN,0,228.2386,425867,2026-05-20 09:42:37
ESP-001,AMAN,0,227.8782,428945,2026-05-20 09:42:40
ESP-001,AMAN,0,227.936,432002,2026-05-20 09:42:43
ESP-001,AMAN,0,228.0686,435055,2026-05-20 09:42:46
ESP-001,AMAN,0,228.1536,438125,2026-05-20 09:42:49
ESP-001,AMAN,0,227.8238,441158,2026-05-20 09:42:52
ESP-001,AMAN,0,228.1502,444228,2026-05-20 09:42:55
ESP-001,AMAN,0,228.0652,447288,2026-05-20 09:42:58
ESP-001,AMAN,0,228.055,450347,2026-05-20 09:43:01
ESP-001,AMAN,0,228.1026,453426,2026-05-20 09:43:04
ESP-001,AMAN,0,227.9802,456460,2026-05-20 09:43:07
ESP-001,AMAN,0,228.0244,459530,2026-05-20 09:43:10
ESP-001,AMAN,0,228.1196,462588,2026-05-20 09:43:13
ESP-001,AMAN,0,227.8238,465651,2026-05-20 09:43:16
ESP-001,AMAN,0,227.8,468722,2026-05-20 09:43:19
ESP-001,AMAN,0,228.3576,471755,2026-05-20 09:43:23
ESP-001,AMAN,0,228.14,474823,2026-05-20 09:43:26
ESP-001,AMAN,0,227.8136,477855,2026-05-20 09:43:29
ESP-001,AMAN,0,14.6472,481031,2026-05-20 09:43:32
ESP-001,SIAGA,0,14.1916,484198,2026-05-20 09:43:35
ESP-001,SIAGA,0,12.9166,487240,2026-05-20 09:43:38
ESP-001,AMAN,0,228.0754,490312,2026-05-20 09:43:41
ESP-001,AMAN,0,228.2692,493358,2026-05-20 09:43:44
ESP-001,AMAN,0,228.1944,496431,2026-05-20 09:43:47
ESP-001,AMAN,0,227.868,499510,2026-05-20 09:43:50
ESP-001,AMAN,0,228.021,502551,2026-05-20 09:43:53
ESP-001,AMAN,0,227.7626,505610,2026-05-20 09:43:56
ESP-001,AMAN,0,227.936,508655,2026-05-20 09:43:59
ESP-001,AMAN,0,149.7224,511848,2026-05-20 09:44:03
ESP-001,AMAN,0,196.8906,514895,2026-05-20 09:44:06
ESP-001,AMAN,0,128.4724,518047,2026-05-20 09:44:09
ESP-001,AMAN,0,127.9726,521168,2026-05-20 09:44:12
ESP-001,AMAN,0,127.517,524287,2026-05-20 09:44:15
ESP-001,AMAN,0,228.3134,527444,2026-05-20 09:44:18
ESP-001,AMAN,0,228.1944,530488,2026-05-20 09:44:21
ESP-001,AMAN,0,227.8816,533732,2026-05-20 09:44:24
ESP-001,AMAN,0,228.2352,536799,2026-05-20 09:44:28
ESP-001,AMAN,0,185.6808,540048,2026-05-20 09:44:31
ESP-001,AMAN,0,124.6916,543208,2026-05-20 09:44:34
ESP-001,AMAN,0,228.0686,546271,2026-05-20 09:44:37
ESP-001,AMAN,0,228.2012,549305,2026-05-20 09:44:40
ESP-001,AMAN,0,228.225,552375,2026-05-20 09:44:43
ESP-001,AMAN,0,228.0482,555432,2026-05-20 09:44:46
ESP-001,AMAN,0,228.242,558496,2026-05-20 09:44:49
ESP-001,AMAN,0,228.1264,561566,2026-05-20 09:44:52
ESP-001,AMAN,0,227.9802,564598,2026-05-20 09:44:55
ESP-001,AMAN,0,228.2284,567668,2026-05-20 09:44:58
ESP-001,AMAN,0,227.8544,570700,2026-05-20 09:45:01
ESP-001,AMAN,0,228.0992,573794,2026-05-20 09:45:05
ESP-001,AMAN,0,227.9054,576863,2026-05-20 09:45:08
ESP-001,AMAN,0,227.8238,579894,2026-05-20 09:45:11
ESP-001,AMAN,0,227.8204,582966,2026-05-20 09:45:14
ESP-001,AMAN,0,227.8544,585999,2026-05-20 09:45:17
ESP-001,AMAN,0,228.1196,589080,2026-05-20 09:45:20
ESP-001,AMAN,0,228.1502,592148,2026-05-20 09:45:23
ESP-001,AMAN,0,228.31,595180,2026-05-20 09:45:26
ESP-001,AMAN,0,227.936,598267,2026-05-20 09:45:29
ESP-001,AMAN,0,227.919,601299,2026-05-20 09:45:32
ESP-001,AMAN,0,228.259,604379,2026-05-20 09:45:35
ESP-001,AMAN,0,227.9224,607448,2026-05-20 09:45:38
ESP-001,AMAN,0,228.2182,610481,2026-05-20 09:45:41
ESP-001,AMAN,0,228.1332,613559,2026-05-20 09:45:44
ESP-001,AMAN,0,227.8408,616591,2026-05-20 09:45:47
ESP-001,AMAN,0,228.1264,619671,2026-05-20 09:45:50
ESP-001,AMAN,0,228.1264,622750,2026-05-20 09:45:54
ESP-001,AMAN,0,228.191,625783,2026-05-20 09:45:57
ESP-001,AMAN,0,228.0244,628857,2026-05-20 09:46:00
ESP-001,AMAN,0,227.8782,631890,2026-05-20 09:46:03
ESP-001,AMAN,0,227.8782,634970,2026-05-20 09:46:06
ESP-001,AMAN,0,228.1434,638017,2026-05-20 09:46:09
ESP-001,AMAN,0,228.3644,641085,2026-05-20 09:46:12
ESP-001,AMAN,0,227.9394,644162,2026-05-20 09:46:15
ESP-001,AMAN,0,228.2828,647194,2026-05-20 09:46:18
ESP-001,AMAN,0,228.038,650283,2026-05-20 09:46:21
ESP-001,AMAN,0,228.1978,653330,2026-05-20 09:46:24
ESP-001,AMAN,0,227.868,656386,2026-05-20 09:46:27
ESP-001,AMAN,0,227.7864,659465,2026-05-20 09:46:30
ESP-001,AMAN,0,228.2284,662498,2026-05-20 09:46:33
ESP-001,AMAN,0,228.2182,665578,2026-05-20 09:46:36
ESP-001,AMAN,0,228.1978,668624,2026-05-20 09:46:39
ESP-001,AMAN,0,227.9428,671682,2026-05-20 09:46:42
ESP-001,AMAN,0,228.1638,674770,2026-05-20 09:46:46
ESP-001,AMAN,0,228.0278,677803,2026-05-20 09:46:49
ESP-001,AMAN,0,228.293,680882,2026-05-20 09:46:52
ESP-001,AMAN,0,227.9394,683929,2026-05-20 09:46:55
ESP-001,AMAN,0,228.2284,686986,2026-05-20 09:46:58
ESP-001,AMAN,0,228.1468,690062,2026-05-20 09:47:01
ESP-001,AMAN,0,228.1468,693095,2026-05-20 09:47:04
ESP-001,AMAN,0,228.14,696175,2026-05-20 09:47:07
ESP-001,AMAN,0,227.9088,699222,2026-05-20 09:47:10
ESP-001,AMAN,0,228.2046,702289,2026-05-20 09:47:13
ESP-001,AMAN,0,228.1672,705342,2026-05-20 09:47:16
ESP-001,AMAN,0,228.174,708409,2026-05-20 09:47:19
ESP-001,AMAN,0,228.0584,711480,2026-05-20 09:47:22
ESP-001,AMAN,0,227.8408,714528,2026-05-20 09:47:25
ESP-001,AMAN,0,228.0142,717567,2026-05-20 09:47:28
ESP-001,AMAN,0,228.1706,720613,2026-05-20 09:47:31
ESP-001,AMAN,0,227.9666,723655,2026-05-20 09:47:34
ESP-001,AMAN,0,228.0992,726732,2026-05-20 09:47:37
ESP-001,AMAN,0,228.2182,729774,2026-05-20 09:47:41
ESP-001,AMAN,0,227.783,732831,2026-05-20 09:47:44
ESP-001,AMAN,0,228.174,735867,2026-05-20 09:47:47
ESP-001,AMAN,0,227.9428,738930,2026-05-20 09:47:50
ESP-001,AMAN,0,227.8068,742012,2026-05-20 09:47:53
ESP-001,AMAN,0,228.2216,745059,2026-05-20 09:47:56
ESP-001,AMAN,0,228.2216,748116,2026-05-20 09:47:59
ESP-001,AMAN,0,228.038,751162,2026-05-20 09:48:02
ESP-001,AMAN,0,228.0142,754229,2026-05-20 09:48:05
ESP-001,AMAN,0,227.8544,757311,2026-05-20 09:48:08
ESP-001,AMAN,0,228.1672,760358,2026-05-20 09:48:11
ESP-001,AMAN,0,228.021,763415,2026-05-20 09:48:14
ESP-001,AMAN,0,228.0142,766461,2026-05-20 09:48:17
ESP-001,AMAN,0,227.7966,769519,2026-05-20 09:48:20
ESP-001,AMAN,0,228.1298,772575,2026-05-20 09:48:23
ESP-001,AMAN,0,227.8884,775661,2026-05-20 09:48:26
ESP-001,AMAN,0,227.9666,778726,2026-05-20 09:48:29
ESP-001,AMAN,0,227.8918,781772,2026-05-20 09:48:33
ESP-001,AMAN,0,228.2658,784829,2026-05-20 09:48:36
ESP-001,AMAN,0,228.1604,787884,2026-05-20 09:48:39
ESP-001,AMAN,0,228.5106,790959,2026-05-20 09:48:42
ESP-001,AMAN,0,227.9904,794017,2026-05-20 09:48:45
ESP-001,AMAN,0,227.9088,797062,2026-05-20 09:48:48
ESP-001,AMAN,0,227.9224,800119,2026-05-20 09:48:51
ESP-001,AMAN,0,228.1434,803177,2026-05-20 09:48:54
ESP-001,AMAN,0,228.2352,806257,2026-05-20 09:48:57
ESP-001,AMAN,0,228.0856,809314,2026-05-20 09:49:00
ESP-001,AMAN,0,227.8068,812360,2026-05-20 09:49:03
ESP-001,AMAN,0,227.9122,815417,2026-05-20 09:49:06
ESP-001,AMAN,0,227.8748,818476,2026-05-20 09:49:09
ESP-001,AMAN,0,228.157,821547,2026-05-20 09:49:12
ESP-001,AMAN,0,228.1434,824606,2026-05-20 09:49:15
ESP-001,AMAN,0,228.2352,827651,2026-05-20 09:49:18
ESP-001,AMAN,0,228.0822,830718,2026-05-20 09:49:21
ESP-001,AMAN,0,228.1536,833773,2026-05-20 09:49:25
ESP-001,AMAN,0,228.2352,836842,2026-05-20 09:49:28
ESP-001,AMAN,0,228.1264,839883,2026-05-20 09:49:31
ESP-001,AMAN,0,228.0652,842963,2026-05-20 09:49:34
ESP-001,AMAN,0,228.1434,846020,2026-05-20 09:49:37
ESP-001,AMAN,0,228.2522,849074,2026-05-20 09:49:40
ESP-001,AMAN,0,227.9088,852144,2026-05-20 09:49:43
ESP-001,AMAN,0,228.3814,855187,2026-05-20 09:49:46
ESP-001,AMAN,0,228.1298,858267,2026-05-20 09:49:49
ESP-001,AMAN,0,227.8034,861323,2026-05-20 09:49:52
ESP-001,AMAN,0,228.2692,864371,2026-05-20 09:49:55
ESP-001,AMAN,0,228.2284,867442,2026-05-20 09:49:58
ESP-001,AMAN,0,228.1502,870481,2026-05-20 09:50:01
ESP-001,AMAN,0,228.0618,873555,2026-05-20 09:50:04
ESP-001,AMAN,0,228.548,876612,2026-05-20 09:50:07
ESP-001,AMAN,0,228.2454,879670,2026-05-20 09:50:10
ESP-001,AMAN,0,228.2522,882750,2026-05-20 09:50:14
ESP-001,AMAN,0,228.3168,885784,2026-05-20 09:50:17
ESP-001,AMAN,0,228.021,888862,2026-05-20 09:50:20
ESP-001,AMAN,0,228.2318,891921,2026-05-20 09:50:23
ESP-001,AMAN,0,228.3678,894976,2026-05-20 09:50:26
ESP-001,AMAN,0,227.97,898047,2026-05-20 09:50:29
ESP-001,AMAN,0,227.8782,901080,2026-05-20 09:50:32
ESP-001,AMAN,0,228.1196,904157,2026-05-20 09:50:35
ESP-001,AMAN,0,228.1842,907191,2026-05-20 09:50:38
ESP-001,AMAN,0,228.2454,910281,2026-05-20 09:50:41
ESP-001,AMAN,0,228.1808,913350,2026-05-20 09:50:44
ESP-001,AMAN,0,228.2828,916383,2026-05-20 09:50:47
ESP-001,AMAN,0,228.1128,919461,2026-05-20 09:50:50
ESP-001,AMAN,0,228.0176,922494,2026-05-20 09:50:53
ESP-001,AMAN,0,228.0584,925573,2026-05-20 09:50:56
ESP-001,AMAN,0,228.0482,928641,2026-05-20 09:50:59
ESP-001,AMAN,0,228.208,931674,2026-05-20 09:51:02
ESP-001,AMAN,0,228.0006,934758,2026-05-20 09:51:06
ESP-001,AMAN,0,228.2182,937794,2026-05-20 09:51:09
ESP-001,AMAN,0,227.9496,940874,2026-05-20 09:51:12
ESP-001,AMAN,0,227.8034,943937,2026-05-20 09:51:15
ESP-001,AMAN,0,227.9156,946970,2026-05-20 09:51:18
ESP-001,AMAN,0,228.0652,950040,2026-05-20 09:51:21
ESP-001,AMAN,0,228.004,953081,2026-05-20 09:51:24
ESP-001,AMAN,0,228.1672,956160,2026-05-20 09:51:27
ESP-001,AMAN,0,227.8408,959239,2026-05-20 09:51:30
ESP-001,AMAN,0,228.2386,962272,2026-05-20 09:51:33
ESP-001,AMAN,0,228.0652,965342,2026-05-20 09:51:36
ESP-001,AMAN,0,228.361,968384,2026-05-20 09:51:39
ESP-001,AMAN,0,228.1978,971465,2026-05-20 09:51:42
ESP-001,AMAN,0,228.2114,974510,2026-05-20 09:51:45
ESP-001,AMAN,0,228.1196,977577,2026-05-20 09:51:48
ESP-001,AMAN,0,228.2148,980648,2026-05-20 09:51:51
ESP-001,AMAN,0,228.0006,983691,2026-05-20 09:51:54
ESP-001,AMAN,0,228.0346,986762,2026-05-20 09:51:58
ESP-001,AMAN,0,228.0584,989799,2026-05-20 09:52:01
ESP-001,AMAN,0,228.2386,992856,2026-05-20 09:52:04
ESP-001,AMAN,0,211.004,995916,2026-05-20 09:52:07
ESP-001,AMAN,0,228.293,999167,2026-05-20 09:52:10
ESP-001,AMAN,0,228.1128,1002224,2026-05-20 09:52:13
ESP-001,AMAN,0,227.8714,1005269,2026-05-20 09:52:16
ESP-001,AMAN,0,228.2352,1008327,2026-05-20 09:52:19
ESP-001,AMAN,0,227.9836,1011416,2026-05-20 09:52:22
ESP-001,AMAN,0,227.8918,1014470,2026-05-20 09:52:25
ESP-001,AMAN,0,227.987,1017527,2026-05-20 09:52:28
ESP-001,AMAN,0,228.2522,1020574,2026-05-20 09:52:31
ESP-001,AMAN,0,228.0856,1023632,2026-05-20 09:52:34
ESP-001,AMAN,0,228.1638,1026711,2026-05-20 09:52:37
ESP-001,AMAN,0,228.3984,1029766,2026-05-20 09:52:41
ESP-001,AMAN,0,228.3882,1032823,2026-05-20 09:52:44
ESP-001,AMAN,0,227.7762,1035869,2026-05-20 09:52:47
ESP-001,AMAN,0,228.0142,1038936,2026-05-20 09:52:50
ESP-001,AMAN,0,228.259,1042014,2026-05-20 09:52:53
ESP-001,AMAN,0,227.9258,1045067,2026-05-20 09:52:56
ESP-001,AMAN,0,228.1706,1048124,2026-05-20 09:52:59
ESP-001,AMAN,0,174.8722,1051314,2026-05-20 09:53:02
ESP-001,AMAN,0,226.0626,1054492,2026-05-20 09:53:05
ESP-001,AMAN,0,227.9632,1057751,2026-05-20 09:53:09
ESP-001,AMAN,0,222.2308,1060987,2026-05-20 09:53:12
ESP-001,AMAN,0,205.241,1064035,2026-05-20 09:53:15
ESP-001,AMAN,0,133.6336,1067244,2026-05-20 09:53:18
ESP-001,AMAN,0,205.2138,1070487,2026-05-20 09:53:21
ESP-001,AMAN,0,171.8292,1073705,2026-05-20 09:53:24
ESP-001,AMAN,0,195.5306,1076847,2026-05-20 09:53:28
ESP-001,AMAN,0,227.8544,1079876,2026-05-20 09:53:31
ESP-001,AMAN,0,227.9904,1083129,2026-05-20 09:53:34
ESP-001,AMAN,0,228.0278,1086162,2026-05-20 09:53:37
ESP-001,AMAN,0,227.8918,1089232,2026-05-20 09:53:40
ESP-001,AMAN,0,228.1978,1092272,2026-05-20 09:53:43
ESP-001,AMAN,0,228.0992,1095350,2026-05-20 09:53:46
ESP-001,AMAN,0,228.242,1098398,2026-05-20 09:53:49
ESP-001,AMAN,0,228.2556,1101466,2026-05-20 09:53:52
ESP-001,AMAN,0,228.0788,1104534,2026-05-20 09:53:55
ESP-001,AMAN,0,228.1434,1107575,2026-05-20 09:53:58
ESP-001,AMAN,0,203.524,1110652,2026-05-20 09:54:01
ESP-001,AMAN,0,228.2726,1113890,2026-05-20 09:54:05
ESP-001,AMAN,0,228.2488,1116957,2026-05-20 09:54:08
ESP-001,AMAN,0,228.2556,1120035,2026-05-20 09:54:11
ESP-001,AMAN,0,228.1026,1123088,2026-05-20 09:54:14
ESP-001,AMAN,0,227.9666,1126145,2026-05-20 09:54:17
ESP-001,AMAN,0,228.259,1129191,2026-05-20 09:54:20
ESP-001,AMAN,0,228.2862,1132249,2026-05-20 09:54:23
ESP-001,AMAN,0,228.2556,1135338,2026-05-20 09:54:26
ESP-001,AMAN,0,228.0108,1138388,2026-05-20 09:54:29
ESP-001,AMAN,0,228.0754,1141447,2026-05-20 09:54:32
ESP-001,AMAN,0,228.1366,1144493,2026-05-20 09:54:35
ESP-001,AMAN,0,227.9394,1147551,2026-05-20 09:54:38
ESP-001,AMAN,0,228.1094,1150631,2026-05-20 09:54:41
ESP-001,AMAN,0,228.0108,1153679,2026-05-20 09:54:44
ESP-001,AMAN,0,228.0516,1156744,2026-05-20 09:54:48
ESP-001,AMAN,0,228.1672,1159790,2026-05-20 09:54:51
ESP-001,AMAN,0,227.8068,1162857,2026-05-20 09:54:54
ESP-001,AMAN,0,228.2726,1165936,2026-05-20 09:54:57
ESP-001,AMAN,0,228.038,1168983,2026-05-20 09:55:00
ESP-001,AMAN,0,228.1876,1172043,2026-05-20 09:55:03
ESP-001,AMAN,0,228.378,1175088,2026-05-20 09:55:06
ESP-001,AMAN,0,228.1434,1178146,2026-05-20 09:55:09
ESP-001,AMAN,0,228.2794,1208014,2026-05-20 09:55:39
ESP-001,AMAN,0,228.0244,1211105,2026-05-20 09:55:42
ESP-001,AMAN,0,228.3576,1214175,2026-05-20 09:55:45
ESP-001,AMAN,0,228.0584,1217208,2026-05-20 09:55:48
ESP-001,AMAN,0,227.8986,1220279,2026-05-20 09:55:51
ESP-001,AMAN,0,228.157,1223312,2026-05-20 09:55:54
ESP-001,AMAN,0,228.1978,1226396,2026-05-20 09:55:57
ESP-001,AMAN,0,227.851,1229465,2026-05-20 09:56:00
ESP-001,AMAN,0,228.0856,1232498,2026-05-20 09:56:03
ESP-001,AMAN,0,228.2556,1235581,2026-05-20 09:56:06
ESP-001,AMAN,0,228.191,1238613,2026-05-20 09:56:09
ESP-001,AMAN,0,228.2862,1241693,2026-05-20 09:56:12
ESP-001,AMAN,0,227.834,1244763,2026-05-20 09:56:16
ESP-001,AMAN,0,228.2556,1247796,2026-05-20 09:56:19
ESP-001,AMAN,0,228.2216,1250873,2026-05-20 09:56:22
ESP-001,AMAN,0,228.3372,1253906,2026-05-20 09:56:25
ESP-001,AMAN,0,228.0448,1256986,2026-05-20 09:56:28
ESP-001,AMAN,0,228.089,1260064,2026-05-20 09:56:31
ESP-001,AMAN,0,227.9054,1263097,2026-05-20 09:56:34
ESP-001,AMAN,0,227.9666,1266173,2026-05-20 09:56:37
ESP-001,AMAN,0,228.038,1269207,2026-05-20 09:56:40
ESP-001,AMAN,0,228.2488,1272287,2026-05-20 09:56:43
ESP-001,AMAN,0,228.2624,1275336,2026-05-20 09:56:46
ESP-001,AMAN,0,228.1162,1278403,2026-05-20 09:56:49
ESP-001,AMAN,0,228.3236,1281472,2026-05-20 09:56:52
ESP-001,AMAN,0,228.1128,1284505,2026-05-20 09:56:55
ESP-001,AMAN,0,228.1026,1287594,2026-05-20 09:56:58
ESP-001,AMAN,0,227.9326,1290647,2026-05-20 09:57:01
ESP-001,AMAN,0,206.2984,1293686,2026-05-20 09:57:04
ESP-001,AMAN,0,228.2658,1296769,2026-05-20 09:57:08
ESP-001,AMAN,0,228.1128,1299816,2026-05-20 09:57:11
ESP-001,AMAN,0,228.2522,1302863,2026-05-20 09:57:14
ESP-001,AMAN,0,228.3848,1305915,2026-05-20 09:57:17
ESP-001,AMAN,0,228.174,1308972,2026-05-20 09:57:20
ESP-001,AMAN,0,228.004,1312048,2026-05-20 09:57:23
ESP-001,AMAN,0,228.106,1315095,2026-05-20 09:57:26
ESP-001,AMAN,0,227.9326,1318152,2026-05-20 09:57:29
ESP-001,AMAN,0,228.2658,1321201,2026-05-20 09:57:32
ESP-001,AMAN,0,228.3474,1324268,2026-05-20 09:57:35
ESP-001,AMAN,0,228.2624,1327348,2026-05-20 09:57:38
ESP-001,AMAN,0,228.1774,1330395,2026-05-20 09:57:41
ESP-001,AMAN,0,228.1944,1333452,2026-05-20 09:57:44
ESP-001,AMAN,0,228.2692,1336502,2026-05-20 09:57:47
ESP-001,AMAN,0,228.3576,1339561,2026-05-20 09:57:50
ESP-001,AMAN,0,228.3644,1342616,2026-05-20 09:57:53
ESP-001,AMAN,0,228.3712,1345696,2026-05-20 09:57:56
ESP-001,AMAN,0,228.055,1348766,2026-05-20 09:58:00
ESP-001,AMAN,0,203.2792,1351805,2026-05-20 09:58:03
ESP-001,AMAN,0,228.1026,1354837,2026-05-20 09:58:06
ESP-001,AMAN,0,228.2692,1357892,2026-05-20 09:58:09
ESP-001,AMAN,0,228.1808,1360963,2026-05-20 09:58:12
ESP-001,AMAN,0,228.1672,1364026,2026-05-20 09:58:15
ESP-001,AMAN,0,228.276,1367074,2026-05-20 09:58:18
ESP-001,AMAN,0,228.1026,1370132,2026-05-20 09:58:21
ESP-001,AMAN,0,228.1774,1373169,2026-05-20 09:58:24
ESP-001,AMAN,0,228.3168,1376250,2026-05-20 09:58:27
ESP-001,AMAN,0,228.3168,1379311,2026-05-20 09:58:30
ESP-001,AMAN,0,228.2522,1382362,2026-05-20 09:58:33
ESP-001,AMAN,0,228.1672,1385578,2026-05-20 09:58:36
ESP-001,AMAN,0,227.8204,1388702,2026-05-20 09:58:39
ESP-001,AMAN,0,227.5314,1391782,2026-05-20 09:58:43
ESP-001,AMAN,0,227.4702,1394856,2026-05-20 09:58:46
ESP-001,AMAN,0,227.7558,1397892,2026-05-20 09:58:49
ESP-001,AMAN,0,227.7354,1400962,2026-05-20 09:58:52
ESP-001,AMAN,0,227.5994,1403995,2026-05-20 09:58:55
ESP-001,AMAN,0,227.9156,1407074,2026-05-20 09:58:58
ESP-001,AMAN,0,227.4974,1410158,2026-05-20 09:59:01
ESP-001,AMAN,0,227.6062,1413194,2026-05-20 09:59:04
ESP-001,AMAN,0,227.5484,1416263,2026-05-20 09:59:07
ESP-001,AMAN,0,227.6266,1419296,2026-05-20 09:59:10
ESP-001,AMAN,0,227.6164,1422375,2026-05-20 09:59:13
ESP-001,AMAN,0,227.6028,1425423,2026-05-20 09:59:16
ESP-001,AMAN,0,227.5212,1428494,2026-05-20 09:59:19
ESP-001,AMAN,0,227.6606,1431567,2026-05-20 09:59:22
ESP-001,AMAN,0,227.5212,1434600,2026-05-20 09:59:25
ESP-001,AMAN,0,227.613,1437689,2026-05-20 09:59:28
ESP-001,AMAN,0,227.6878,1440736,2026-05-20 09:59:31
ESP-001,AMAN,0,227.6912,1443793,2026-05-20 09:59:35
ESP-001,AMAN,0,227.6334,1449894,2026-05-20 09:59:41
ESP-001,AMAN,0,227.4396,1452974,2026-05-20 09:59:44
ESP-001,AMAN,0,227.6028,1456021,2026-05-20 09:59:47
ESP-001,AMAN,0,227.5484,1459078,2026-05-20 09:59:50
ESP-001,AMAN,0,227.5722,1462157,2026-05-20 09:59:53
ESP-001,AMAN,0,227.817,1465190,2026-05-20 09:59:56
ESP-001,AMAN,0,227.7558,1468275,2026-05-20 09:59:59
ESP-001,AMAN,0,227.7286,1471324,2026-05-20 10:00:02
ESP-001,AMAN,0,227.7218,1474379,2026-05-20 10:00:05
ESP-001,AMAN,0,227.6742,1524224,2026-05-20 10:00:55
ESP-001,AMAN,0,227.9054,1527314,2026-05-20 10:00:58
ESP-001,AMAN,0,227.5824,1530384,2026-05-20 10:01:01
ESP-001,AMAN,0,227.5926,1533417,2026-05-20 10:01:04
ESP-001,AMAN,0,227.7082,1536488,2026-05-20 10:01:07
ESP-001,AMAN,0,227.6028,1539521,2026-05-20 10:01:10
ESP-001,AMAN,0,227.698,1542609,2026-05-20 10:01:13
ESP-001,AMAN,0,227.596,1545680,2026-05-20 10:01:16
ESP-001,AMAN,0,227.8612,1548714,2026-05-20 10:01:19
ESP-001,AMAN,0,227.596,1551793,2026-05-20 10:01:23
ESP-001,AMAN,0,227.6708,1554826,2026-05-20 10:01:26
ESP-001,AMAN,0,227.596,1557913,2026-05-20 10:01:29
ESP-001,AMAN,0,227.9972,1560983,2026-05-20 10:01:32
ESP-001,AMAN,0,227.6776,1564015,2026-05-20 10:01:35
ESP-001,AMAN,0,227.6028,1567086,2026-05-20 10:01:38
ESP-001,AMAN,0,227.6368,1570118,2026-05-20 10:01:41
ESP-001,AMAN,0,227.5994,1573205,2026-05-20 10:01:44
ESP-001,AMAN,0,227.5858,1576283,2026-05-20 10:01:47
ESP-001,AMAN,0,227.9122,1579316,2026-05-20 10:01:50
ESP-001,AMAN,0,227.8884,1582387,2026-05-20 10:01:53
ESP-001,AMAN,0,227.6674,1585420,2026-05-20 10:01:56
ESP-001,AMAN,0,227.8816,1588506,2026-05-20 10:01:59
ESP-001,AMAN,0,227.7796,1591553,2026-05-20 10:02:02
ESP-001,AMAN,0,227.7014,1594619,2026-05-20 10:02:05
ESP-001,AMAN,0,227.6334,1597689,2026-05-20 10:02:08
ESP-001,AMAN,0,227.9564,1600721,2026-05-20 10:02:11
ESP-001,AMAN,0,227.6164,1603816,2026-05-20 10:02:15
ESP-001,AMAN,0,227.8782,1606857,2026-05-20 10:02:18
ESP-001,AMAN,0,228.1536,1609915,2026-05-20 10:02:21
ESP-001,AMAN,0,228.2216,1612985,2026-05-20 10:02:24
ESP-001,AMAN,0,227.7932,1616018,2026-05-20 10:02:27
ESP-001,AMAN,0,228.1842,1619103,2026-05-20 10:02:30
ESP-001,AMAN,0,228.242,1622151,2026-05-20 10:02:33
ESP-001,AMAN,0,228.1706,1625209,2026-05-20 10:02:36
ESP-001,AMAN,0,228.157,1628288,2026-05-20 10:02:39
ESP-001,AMAN,0,228.378,1631321,2026-05-20 10:02:42
ESP-001,AMAN,0,227.9666,1634506,2026-05-20 10:02:45
ESP-001,BAHAYA,0,6.5586,1639154,2026-05-20 10:02:50
ESP-001,HIJAU,0,9.958601,11609,2026-05-21 13:59:52
ESP-001,AMAN,0,178.8162,14802,2026-05-21 13:59:55
ESP-001,AMAN,0,221.1598,19365,2026-05-21 14:00:00
ESP-001,AMAN,0,221.306,22441,2026-05-21 14:00:03
ESP-001,AMAN,0,220.6906,25461,2026-05-21 14:00:06
ESP-001,AMAN,0,220.966,28521,2026-05-21 14:00:09
ESP-001,AMAN,0,221.204,31565,2026-05-21 14:00:12
ESP-001,AMAN,0,220.762,34621,2026-05-21 14:00:15
ESP-001,AMAN,0,220.8538,37674,2026-05-21 14:00:18
ESP-001,AMAN,0,221.1088,40752,2026-05-21 14:00:21
ESP-001,AMAN,0,220.9218,63895,2026-05-21 14:00:44
ESP-001,AMAN,0,220.847,66985,2026-05-21 14:00:47
ESP-001,AMAN,0,220.8538,70052,2026-05-21 14:00:50
ESP-001,AMAN,0,220.9728,73084,2026-05-21 14:00:53
ESP-001,AMAN,0,220.864,76198,2026-05-21 14:00:56
ESP-001,AMAN,0,220.864,79248,2026-05-21 14:01:00
ESP-001,AMAN,0,221.1258,82304,2026-05-21 14:01:03
ESP-001,AMAN,0,220.9422,85371,2026-05-21 14:01:06
ESP-001,AMAN,0,221.136,88491,2026-05-21 14:01:09
ESP-001,AMAN,0,220.9558,91547,2026-05-21 14:01:12
ESP-001,AMAN,0,220.983,94597,2026-05-21 14:01:15
ESP-001,AMAN,0,220.9592,97652,2026-05-21 14:01:18
ESP-001,AMAN,0,221.1734,100739,2026-05-21 14:01:21
ESP-001,AMAN,0,220.9354,103784,2026-05-21 14:01:24
ESP-001,AMAN,0,221.1904,106840,2026-05-21 14:01:27
ESP-001,AMAN,0,221.1292,109856,2026-05-21 14:01:30
ESP-001,SIAGA,0,12.7738,113431,2026-05-21 14:01:34
ESP-001,SIAGA,0,14.8512,116520,2026-05-21 14:01:37
ESP-001,BAHAYA,0,2.9954,121305,2026-05-21 14:01:42
ESP-001,BAHAYA,0,2.295,124373,2026-05-21 14:01:45
ESP-001,BAHAYA,0,18.904,127448,2026-05-21 14:01:48
ESP-001,AMAN,0,118.0242,130600,2026-05-21 14:01:51
ESP-001,SIAGA,0,16.7756,133838,2026-05-21 14:01:54
ESP-001,AMAN,0,220.8776,137357,2026-05-21 14:01:58
ESP-001,AMAN,0,220.9694,140401,2026-05-21 14:02:01
ESP-001,SIAGA,0,19.3596,143556,2026-05-21 14:02:04
ESP-001,AMAN,0,29.4066,147351,2026-05-21 14:02:08
ESP-001,AMAN,0,22.7426,150503,2026-05-21 14:02:11
ESP-001,AMAN,0,23.2152,153620,2026-05-21 14:02:14
ESP-001,AMAN,0,220.8334,156656,2026-05-21 14:02:17
ESP-001,AMAN,0,221.136,159720,2026-05-21 14:02:20
ESP-001,AMAN,0,221.0476,162752,2026-05-21 14:02:23
ESP-001,AMAN,0,221.102,165828,2026-05-21 14:02:26
ESP-001,AMAN,0,221.017,168873,2026-05-21 14:02:29
ESP-001,AMAN,0,220.9286,171928,2026-05-21 14:02:32
ESP-001,AMAN,0,220.9762,175122,2026-05-21 14:02:35
ESP-001,AMAN,0,220.9218,178167,2026-05-21 14:02:38
ESP-001,AMAN,0,221.0442,181221,2026-05-21 14:02:41
ESP-001,AMAN,0,220.9796,184265,2026-05-21 14:02:45
ESP-001,AMAN,0,221.136,187320,2026-05-21 14:02:48
ESP-001,AMAN,0,221.0034,190401,2026-05-21 14:02:51
ESP-001,AMAN,0,221.0408,193499,2026-05-21 14:02:54
ESP-001,AMAN,0,221.1054,196519,2026-05-21 14:02:57
ESP-001,AMAN,0,221.1462,199564,2026-05-21 14:03:00
ESP-001,AMAN,0,221.0306,202629,2026-05-21 14:03:03
ESP-001,AMAN,0,221.1088,205711,2026-05-21 14:03:06
ESP-001,AMAN,0,220.7382,208754,2026-05-21 14:03:09
ESP-001,AMAN,0,220.9524,211809,2026-05-21 14:03:12
ESP-001,AMAN,0,220.9184,214853,2026-05-21 14:03:15
ESP-001,AMAN,0,220.966,217908,2026-05-21 14:03:18
ESP-001,AMAN,0,221.0204,220966,2026-05-21 14:03:21
ESP-001,AMAN,0,220.9218,224045,2026-05-21 14:03:24
ESP-001,AMAN,0,221.0238,227111,2026-05-21 14:03:27
ESP-001,AMAN,0,220.9694,230154,2026-05-21 14:03:30
ESP-001,AMAN,0,220.7654,233199,2026-05-21 14:03:33
ESP-001,AMAN,0,220.9422,236441,2026-05-21 14:03:37
ESP-001,AMAN,0,221.187,239508,2026-05-21 14:03:40
ESP-001,AMAN,0,220.9116,242563,2026-05-21 14:03:43
ESP-001,AMAN,0,220.9184,245616,2026-05-21 14:03:46
ESP-001,AMAN,0,220.7586,248684,2026-05-21 14:03:49
ESP-001,AMAN,0,220.9048,251716,2026-05-21 14:03:52
ESP-001,AMAN,0,220.8504,254800,2026-05-21 14:03:55
ESP-001,AMAN,0,221.1496,257855,2026-05-21 14:03:58
ESP-001,AMAN,0,221.1598,260907,2026-05-21 14:04:01
ESP-001,AMAN,0,220.8436,263975,2026-05-21 14:04:04
ESP-001,AMAN,0,220.8606,267269,2026-05-21 14:04:08
ESP-001,AMAN,0,221.119,271274,2026-05-21 14:04:12
ESP-001,AMAN,0,220.7688,274351,2026-05-21 14:04:15
ESP-001,AMAN,0,220.9354,277396,2026-05-21 14:04:18
ESP-001,AMAN,0,221.0612,280470,2026-05-21 14:04:21
ESP-001,AMAN,0,221.1122,283526,2026-05-21 14:04:24
ESP-001,AMAN,0,220.8198,286598,2026-05-21 14:04:27
ESP-001,AMAN,0,220.8674,289674,2026-05-21 14:04:30
ESP-001,AMAN,0,221.1054,292718,2026-05-21 14:04:33
ESP-001,AMAN,0,220.9116,295773,2026-05-21 14:04:36
ESP-001,AMAN,0,220.8232,298846,2026-05-21 14:04:39
ESP-001,AMAN,0,220.9728,301880,2026-05-21 14:04:42
ESP-001,AMAN,0,220.8164,304955,2026-05-21 14:04:45
ESP-001,AMAN,0,220.7314,307999,2026-05-21 14:04:48
ESP-001,AMAN,0,221.1462,311064,2026-05-21 14:04:51
ESP-001,AMAN,0,221.0646,314114,2026-05-21 14:04:54
ESP-001,AMAN,0,220.7484,317180,2026-05-21 14:04:57
ESP-001,AMAN,0,221.051,320256,2026-05-21 14:05:01
ESP-001,AMAN,0,221.0204,323301,2026-05-21 14:05:04
ESP-001,AMAN,0,221.051,326356,2026-05-21 14:05:07
ESP-001,AMAN,0,220.983,329407,2026-05-21 14:05:10
ESP-001,AMAN,0,221.051,332462,2026-05-21 14:05:13
ESP-001,AMAN,0,220.966,335549,2026-05-21 14:05:16
ESP-001,AMAN,0,221.1564,338595,2026-05-21 14:05:19
ESP-001,AMAN,0,220.7552,341650,2026-05-21 14:05:22
ESP-001,AMAN,0,220.9796,344694,2026-05-21 14:05:25
ESP-001,AMAN,0,221.0714,347754,2026-05-21 14:05:28
ESP-001,AMAN,0,220.847,350833,2026-05-21 14:05:31
ESP-001,AMAN,0,220.881,353878,2026-05-21 14:05:34
ESP-001,AMAN,0,221.0272,356929,2026-05-21 14:05:37
ESP-001,AMAN,0,220.898,359972,2026-05-21 14:05:40
ESP-001,AMAN,0,221.0748,363042,2026-05-21 14:05:43
ESP-001,AMAN,0,221.0578,366118,2026-05-21 14:05:46
ESP-001,AMAN,0,220.6736,369162,2026-05-21 14:05:49
ESP-001,AMAN,0,220.9456,372216,2026-05-21 14:05:52
ESP-001,AMAN,0,220.7178,375260,2026-05-21 14:05:56
ESP-001,AMAN,0,220.932,378320,2026-05-21 14:05:59
ESP-001,AMAN,0,220.8368,381373,2026-05-21 14:06:02
ESP-001,AMAN,0,221.1564,384451,2026-05-21 14:06:05
ESP-001,AMAN,0,221.1156,387517,2026-05-21 14:06:08
ESP-001,AMAN,0,221.0204,390561,2026-05-21 14:06:11
ESP-001,AMAN,0,220.7722,393622,2026-05-21 14:06:14
ESP-001,AMAN,0,220.9762,396675,2026-05-21 14:06:17
ESP-001,AMAN,0,221.0782,399742,2026-05-21 14:06:20
ESP-001,AMAN,0,221.0374,402798,2026-05-21 14:06:23
ESP-001,AMAN,0,220.8232,405843,2026-05-21 14:06:26
ESP-001,AMAN,0,221.119,408906,2026-05-21 14:06:29
ESP-001,AMAN,0,220.796,411960,2026-05-21 14:06:32
ESP-001,AMAN,0,220.8946,415037,2026-05-21 14:06:35
ESP-001,AMAN,0,220.7722,418092,2026-05-21 14:06:38
ESP-001,AMAN,0,221.0374,421137,2026-05-21 14:06:41
ESP-001,AMAN,0,220.6294,424198,2026-05-21 14:06:44
ESP-001,AMAN,0,220.694,427250,2026-05-21 14:06:48
ESP-001,AMAN,0,220.8198,430319,2026-05-21 14:06:51
ESP-001,AMAN,0,221.1598,433374,2026-05-21 14:06:54
ESP-001,AMAN,0,155.4718,436398,2026-05-21 14:06:57
ESP-001,AMAN,0,221.1394,439442,2026-05-21 14:07:00
ESP-001,AMAN,0,221.068,442501,2026-05-21 14:07:03
ESP-001,AMAN,0,220.8028,445569,2026-05-21 14:07:06
ESP-001,AMAN,0,220.881,448601,2026-05-21 14:07:09
ESP-001,AMAN,0,221.0102,451678,2026-05-21 14:07:12
ESP-001,AMAN,0,221.0374,454733,2026-05-21 14:07:15
ESP-001,AMAN,0,220.796,457792,2026-05-21 14:07:18
ESP-001,AMAN,0,221.0034,460859,2026-05-21 14:07:21
ESP-001,AMAN,0,220.932,463891,2026-05-21 14:07:24
ESP-001,AMAN,0,9.2412,467019,2026-05-21 14:07:27
ESP-001,HIJAU,0,999,103904,2026-06-07 21:28:16
ESP-001,AMAN,0,999,107002,2026-06-07 21:28:19
ESP-001,AMAN,0,999,110068,2026-06-07 21:28:22
ESP-001,AMAN,0,999,113144,2026-06-07 21:28:25
ESP-001,AMAN,0,999,116221,2026-06-07 21:28:28
ESP-001,AMAN,0,999,119302,2026-06-07 21:28:31
ESP-001,AMAN,0,999,122378,2026-06-07 21:28:34
ESP-001,AMAN,0,999,125487,2026-06-07 21:28:37
ESP-001,AMAN,0,999,128542,2026-06-07 21:28:40
ESP-001,AMAN,0,999,131643,2026-06-07 21:28:43
ESP-001,AMAN,0,999,134704,2026-06-07 21:28:46
ESP-001,AMAN,0,999,137804,2026-06-07 21:28:50
ESP-001,AMAN,0,999,140881,2026-06-07 21:28:53
ESP-001,AMAN,0,999,143958,2026-06-07 21:28:56
ESP-001,AMAN,0,999,147035,2026-06-07 21:28:59
ESP-001,AMAN,0,999,150116,2026-06-07 21:29:02
ESP-001,AMAN,0,999,153195,2026-06-07 21:29:05
ESP-001,AMAN,0,999,156271,2026-06-07 21:29:08
ESP-001,AMAN,0,999,159359,2026-06-07 21:29:11
ESP-001,AMAN,0,999,162459,2026-06-07 21:29:14
ESP-001,AMAN,0,999,165521,2026-06-07 21:29:17
ESP-001,AMAN,0,999,168629,2026-06-07 21:29:20
ESP-001,AMAN,0,999,171900,2026-06-07 21:29:24
ESP-001,AMAN,0,999,174988,2026-06-07 21:29:27
ESP-001,AMAN,0,999,178077,2026-06-07 21:29:30
ESP-001,AMAN,0,999,181136,2026-06-07 21:29:33
ESP-001,AMAN,0,999,184228,2026-06-07 21:29:36
ESP-001,AMAN,0,999,187284,2026-06-07 21:29:39
ESP-001,AMAN,0,999,190385,2026-06-07 21:29:42
ESP-001,AMAN,0,999,193465,2026-06-07 21:29:45
ESP-001,AMAN,0,999,196538,2026-06-07 21:29:48
ESP-001,AMAN,0,999,199615,2026-06-07 21:29:51
ESP-001,AMAN,0,999,202684,2026-06-07 21:29:54
ESP-001,AMAN,0,999,205762,2026-06-07 21:29:58
ESP-001,AMAN,0,999,208863,2026-06-07 21:30:01
ESP-001,AMAN,0,999,211924,2026-06-07 21:30:04
ESP-001,AMAN,0,999,215013,2026-06-07 21:30:07
ESP-001,AMAN,0,999,218067,2026-06-07 21:30:10
ESP-001,AMAN,0,999,221157,2026-06-07 21:30:13
ESP-001,AMAN,0,999,224212,2026-06-07 21:30:16
ESP-001,AMAN,0,999,227315,2026-06-07 21:30:19
ESP-001,AMAN,0,999,230401,2026-06-07 21:30:22
ESP-001,AMAN,0,999,233469,2026-06-07 21:30:25
ESP-001,AMAN,0,999,236546,2026-06-07 21:30:28
ESP-001,AMAN,0,999,239613,2026-06-07 21:30:31
ESP-001,AMAN,0,999,242695,2026-06-07 21:30:34
ESP-001,AMAN,0,999,245785,2026-06-07 21:30:38
ESP-001,AMAN,0,999,248841,2026-06-07 21:30:41
ESP-001,AMAN,0,999,251945,2026-06-07 21:30:44
ESP-001,AMAN,0,999,255000,2026-06-07 21:30:47
ESP-001,AMAN,0,999,258097,2026-06-07 21:30:50
ESP-001,HIJAU,0,7.242,70425,2026-06-07 21:40:16
ESP-001,BAHAYA,0,8.585,73488,2026-06-07 21:40:19
ESP-001,AMAN,0,66.3884,76648,2026-06-07 21:40:22
ESP-001,AMAN,0,67.5614,79816,2026-06-07 21:40:25
ESP-001,AMAN,0,67.4696,83507,2026-06-07 21:40:29
ESP-001,AMAN,0,68.13261,86693,2026-06-07 21:40:32
ESP-001,AMAN,0,67.0378,89868,2026-06-07 21:40:36
ESP-001,AMAN,0,67.04121,93039,2026-06-07 21:40:39
ESP-001,AMAN,0,66.90181,96194,2026-06-07 21:40:42
ESP-001,AMAN,0,67.3302,99372,2026-06-07 21:40:45
ESP-001,AMAN,0,67.24181,102567,2026-06-07 21:40:48
ESP-001,AMAN,0,66.82021,105739,2026-06-07 21:40:51
ESP-001,AMAN,0,67.4866,108928,2026-06-07 21:40:55
ESP-001,AMAN,0,66.81681,112088,2026-06-07 21:40:58
ESP-001,AMAN,0,66.232,115243,2026-06-07 21:41:01
ESP-001,AMAN,0,67.2962,118425,2026-06-07 21:41:04
ESP-001,AMAN,0,68.204,121597,2026-06-07 21:41:07
ESP-001,AMAN,0,68.2346,124641,2026-06-07 21:41:10
ESP-001,AMAN,0,67.76881,127830,2026-06-07 21:41:13
ESP-001,AMAN,0,66.6162,131022,2026-06-07 21:41:17
ESP-001,AMAN,0,67.2758,134220,2026-06-07 21:41:20
ESP-001,AMAN,0,67.8334,137376,2026-06-07 21:41:23
ESP-001,AMAN,0,65.9566,140570,2026-06-07 21:41:26
ESP-001,AMAN,0,65.1134,143764,2026-06-07 21:41:29
ESP-001,AMAN,0,66.1572,146928,2026-06-07 21:41:33
ESP-001,AMAN,0,66.4496,150127,2026-06-07 21:41:36
ESP-001,AMAN,0,68.62901,153341,2026-06-07 21:41:39
ESP-001,AMAN,0,67.286,156513,2026-06-07 21:41:42
ESP-001,AMAN,0,67.03441,159694,2026-06-07 21:41:45
ESP-001,AMAN,0,64.98421,162845,2026-06-07 21:41:48
ESP-001,AMAN,0,62.6858,166042,2026-06-07 21:41:52
ESP-001,AMAN,0,67.15001,169228,2026-06-07 21:41:55
ESP-001,AMAN,0,59.1464,172357,2026-06-07 21:41:58
ESP-001,AMAN,0,67.37101,175526,2026-06-07 21:42:01
ESP-001,AMAN,0,68.4862,178549,2026-06-07 21:42:04
ESP-001,AMAN,0,68.46581,181593,2026-06-07 21:42:07
ESP-001,AMAN,0,67.864,184790,2026-06-07 21:42:10
ESP-001,AMAN,0,67.473,187945,2026-06-07 21:42:14
ESP-001,AMAN,0,67.1602,191137,2026-06-07 21:42:17
ESP-001,AMAN,0,66.94601,194315,2026-06-07 21:42:20
ESP-001,AMAN,0,66.4938,197472,2026-06-07 21:42:23
ESP-001,AMAN,0,68.3298,200499,2026-06-07 21:42:26
ESP-001,AMAN,0,67.46281,203663,2026-06-07 21:42:29
ESP-001,AMAN,0,66.8882,206822,2026-06-07 21:42:32
ESP-001,HIJAU,0,56.1442,13238,2026-06-07 21:44:03
ESP-001,AMAN,0,63.631,16414,2026-06-07 21:44:06
ESP-001,SIAGA,0,11.1724,20094,2026-06-07 21:44:10
ESP-001,AMAN,0,68.5576,23110,2026-06-07 21:44:13
ESP-001,AMAN,0,56.168,26277,2026-06-07 21:44:16
ESP-001,HIJAU,0,56.15441,11983,2026-06-07 21:44:43
ESP-001,AMAN,0,56.1442,15131,2026-06-07 21:44:46
ESP-001,AMAN,0,58.667,18278,2026-06-07 21:44:49
ESP-001,AMAN,0,61.07081,21399,2026-06-07 21:44:52
ESP-001,AMAN,0,56.2972,24551,2026-06-07 21:44:55
ESP-001,AMAN,0,58.89481,27712,2026-06-07 21:44:59
ESP-001,AMAN,0,56.15441,30828,2026-06-07 21:45:02
ESP-001,AMAN,0,56.15781,33974,2026-06-07 21:45:05
ESP-001,AMAN,0,56.16121,37087,2026-06-07 21:45:08
ESP-001,AMAN,0,56.15441,40227,2026-06-07 21:45:11
ESP-001,BAHAYA,0,8.5238,43670,2026-06-07 21:45:15
ESP-001,AMAN,0,16.643,46805,2026-06-07 21:45:18
ESP-001,AMAN,0,55.05621,50441,2026-06-07 21:45:21
ESP-001,AMAN,0,56.15441,53580,2026-06-07 21:45:24
ESP-001,AMAN,0,58.6194,56723,2026-06-07 21:45:28
ESP-001,AMAN,1155,66.1946,59883,2026-06-07 21:45:31
ESP-001,BAHAYA,1993,66.1946,63030,2026-06-07 21:45:34
ESP-001,AMAN,0,53.992,66543,2026-06-07 21:45:37
ESP-001,AMAN,0,61.33941,69684,2026-06-07 21:45:41
ESP-001,HIJAU,0,68.9962,64159,2026-06-07 23:53:49
ESP-001,AMAN,0,69.15941,67198,2026-06-07 23:53:52
ESP-001,AMAN,0,68.71061,70227,2026-06-07 23:53:55
ESP-001,AMAN,0,69.3056,73425,2026-06-07 23:53:58
ESP-001,AMAN,0,66.20821,76608,2026-06-07 23:54:01
ESP-001,AMAN,0,56.0048,79758,2026-06-07 23:54:04
ESP-001,AMAN,0,56.0116,82869,2026-06-07 23:54:07
ESP-001,BAHAYA,0,7.245401,87566,2026-06-07 23:54:12
ESP-001,AMAN,0,55.8654,90750,2026-06-07 23:54:15
ESP-001,AMAN,0,60.0236,93891,2026-06-07 23:54:18
ESP-001,AMAN,0,56.015,97031,2026-06-07 23:54:21
ESP-001,AMAN,0,56.0218,100146,2026-06-07 23:54:25
ESP-001,AMAN,0,56.0048,103293,2026-06-07 23:54:28
ESP-001,AMAN,0,69.4756,106454,2026-06-07 23:54:31
ESP-001,AMAN,0,69.5164,109616,2026-06-07 23:54:34
ESP-001,AMAN,0,69.5776,112654,2026-06-07 23:54:37
ESP-001,AMAN,0,69.5708,115690,2026-06-07 23:54:40
ESP-001,AMAN,0,64.33141,118870,2026-06-07 23:54:43
ESP-001,AMAN,0,56.0048,121890,2026-06-07 23:54:46
ESP-001,AMAN,0,56.1816,125049,2026-06-07 23:54:50
ESP-001,AMAN,0,67.252,128215,2026-06-07 23:54:53
ESP-001,AMAN,0,68.1734,131233,2026-06-07 23:54:56
ESP-001,AMAN,0,69.2954,134427,2026-06-07 23:54:59
ESP-001,AMAN,0,69.343,137473,2026-06-07 23:55:02
ESP-001,AMAN,0,69.33281,140668,2026-06-07 23:55:05
ESP-001,AMAN,0,69.3124,143688,2026-06-07 23:55:08
ESP-001,AMAN,0,66.7794,146733,2026-06-07 23:55:11
ESP-001,AMAN,0,65.47041,149920,2026-06-07 23:55:14
ESP-001,AMAN,0,69.5674,152947,2026-06-07 23:55:17
ESP-001,AMAN,0,63.971,156131,2026-06-07 23:55:21
ESP-001,AMAN,0,69.3328,159326,2026-06-07 23:55:24
ESP-001,AMAN,0,64.175,162499,2026-06-07 23:55:27
ESP-001,AMAN,0,66.5176,165679,2026-06-07 23:55:30
ESP-001,AMAN,0,67.541,168876,2026-06-07 23:55:33
ESP-001,AMAN,0,69.1458,172085,2026-06-07 23:55:37
ESP-001,AMAN,0,69.496,175268,2026-06-07 23:55:40
ESP-001,AMAN,0,69.3872,178300,2026-06-07 23:55:43
ESP-001,AMAN,0,64.3178,181487,2026-06-07 23:55:46
ESP-001,BAHAYA,0,7.367801,184783,2026-06-07 23:55:49
ESP-001,AMAN,0,64.89581,187804,2026-06-07 23:55:52
ESP-001,AMAN,0,61.84941,190954,2026-06-07 23:55:55
ESP-001,AMAN,0,61.7644,194104,2026-06-07 23:55:59
ESP-001,AMAN,0,58.6942,197233,2026-06-07 23:56:02
ESP-001,AMAN,0,55.9572,200364,2026-06-07 23:56:05
ESP-001,AMAN,0,56.1782,203522,2026-06-07 23:56:08
ESP-001,AMAN,0,61.829,206653,2026-06-07 23:56:11
ESP-001,AMAN,0,56.16801,209830,2026-06-07 23:56:14
ESP-001,AMAN,0,58.8064,212951,2026-06-07 23:56:17
ESP-001,AMAN,0,66.54481,216111,2026-06-07 23:56:21
ESP-001,AMAN,0,65.1134,219281,2026-06-07 23:56:24
ESP-001,AMAN,0,56.6848,222411,2026-06-07 23:56:27
ESP-001,AMAN,0,58.191,225552,2026-06-07 23:56:30
ESP-001,AMAN,0,59.5238,228721,2026-06-07 23:56:33
ESP-001,AMAN,0,56.63721,231855,2026-06-07 23:56:36
ESP-001,AMAN,0,61.1898,235011,2026-06-07 23:56:39
ESP-001,AMAN,0,61.5944,238154,2026-06-07 23:56:43
ESP-001,AMAN,0,58.803,241349,2026-06-07 23:56:46
ESP-001,AMAN,0,69.23081,244366,2026-06-07 23:56:49
ESP-001,AMAN,0,56.0116,247536,2026-06-07 23:56:52
ESP-001,AMAN,0,70.7098,250730,2026-06-07 23:56:55
ESP-001,AMAN,0,73.76301,253915,2026-06-07 23:56:58
ESP-001,AMAN,0,69.3328,256964,2026-06-07 23:57:01
ESP-001,AMAN,0,69.5198,259998,2026-06-07 23:57:04
ESP-001,AMAN,0,66.98,263164,2026-06-07 23:57:08
ESP-001,AMAN,0,59.94201,266344,2026-06-07 23:57:11
ESP-001,AMAN,0,74.2696,269535,2026-06-07 23:57:14
ESP-001,AMAN,0,73.56581,272728,2026-06-07 23:57:17
ESP-001,AMAN,0,71.332,275754,2026-06-07 23:57:20
ESP-001,AMAN,0,58.8438,278926,2026-06-07 23:57:23
ESP-001,AMAN,0,70.7268,282101,2026-06-07 23:57:27
ESP-001,AMAN,0,74.1234,285149,2026-06-07 23:57:30
ESP-001,AMAN,0,65.32761,288287,2026-06-07 23:57:33
ESP-001,AMAN,0,71.0804,291483,2026-06-07 23:57:36
ESP-001,AMAN,0,71.247,294625,2026-06-07 23:57:39
ESP-001,AMAN,0,74.0316,297658,2026-06-07 23:57:42
ESP-001,AMAN,0,71.21301,300694,2026-06-07 23:57:45
ESP-001,AMAN,0,72.15481,303890,2026-06-07 23:57:48
ESP-001,AMAN,0,69.717,307100,2026-06-07 23:57:52
ESP-001,AMAN,0,71.41701,310272,2026-06-07 23:57:55
ESP-001,AMAN,0,70.363,313469,2026-06-07 23:57:58
ESP-001,AMAN,0,70.6248,316503,2026-06-07 23:58:01
ESP-001,AMAN,0,74.29,319517,2026-06-07 23:58:04
ESP-001,AMAN,0,72.01201,322543,2026-06-07 23:58:07
ESP-001,AMAN,0,66.7896,325741,2026-06-07 23:58:10
ESP-001,AMAN,0,68.6256,328939,2026-06-07 23:58:13
ESP-001,AMAN,0,68.8772,331958,2026-06-07 23:58:16
ESP-001,AMAN,0,68.2686,335127,2026-06-07 23:58:20
ESP-001,AMAN,0,73.60661,338146,2026-06-07 23:58:23
ESP-001,AMAN,0,73.8684,341185,2026-06-07 23:58:26
ESP-001,AMAN,0,71.32521,344384,2026-06-07 23:58:29
ESP-001,AMAN,0,73.20541,347409,2026-06-07 23:58:32
ESP-001,AMAN,0,74.13701,350426,2026-06-07 23:58:35
ESP-001,AMAN,0,73.68821,353464,2026-06-07 23:58:38
ESP-001,AMAN,0,56.0116,356618,2026-06-07 23:58:41
ESP-001,AMAN,0,67.813,359758,2026-06-07 23:58:44
ESP-001,AMAN,0,68.44201,362796,2026-06-07 23:58:47
ESP-001,AMAN,0,68.69701,365992,2026-06-07 23:58:50
ESP-001,AMAN,0,67.06841,369171,2026-06-07 23:58:54
ESP-001,AMAN,0,67.1602,372354,2026-06-07 23:58:57
ESP-001,AMAN,0,69.40761,375499,2026-06-07 23:59:00
ESP-001,AMAN,0,53.686,378660,2026-06-07 23:59:03
ESP-001,AMAN,0,66.8474,381679,2026-06-07 23:59:06
ESP-001,AMAN,0,69.92101,384839,2026-06-07 23:59:09
ESP-001,AMAN,0,69.2648,387864,2026-06-07 23:59:12
ESP-001,AMAN,0,52.819,391030,2026-06-07 23:59:15
ESP-001,AMAN,0,54.4442,394189,2026-06-07 23:59:19
ESP-001,AMAN,0,54.15181,397366,2026-06-07 23:59:22
ESP-001,AMAN,0,54.3116,400516,2026-06-07 23:59:25
ESP-001,AMAN,0,55.53561,403644,2026-06-07 23:59:28
ESP-001,AMAN,0,61.07421,406793,2026-06-07 23:59:31
ESP-001,AMAN,0,66.87801,409972,2026-06-07 23:59:34
ESP-001,AMAN,0,63.5392,413169,2026-06-07 23:59:38
ESP-001,AMAN,0,56.15441,416291,2026-06-07 23:59:41
ESP-001,AMAN,0,56.0184,419446,2026-06-07 23:59:44
ESP-001,AMAN,0,55.947,422587,2026-06-07 23:59:47
ESP-001,AMAN,0,58.089,425609,2026-06-07 23:59:50
ESP-001,AMAN,0,61.38361,428790,2026-06-07 23:59:53
ESP-001,AMAN,0,55.1684,431905,2026-06-07 23:59:56
ESP-001,AMAN,0,56.16801,435042,2026-06-07 23:59:59
ESP-001,AMAN,0,61.7236,438173,2026-06-08 00:00:03
ESP-001,AMAN,0,58.3984,441309,2026-06-08 00:00:06
ESP-001,AMAN,0,66.76241,444491,2026-06-08 00:00:09
ESP-001,AMAN,0,64.1172,447662,2026-06-08 00:00:12
ESP-001,AMAN,0,66.76241,450860,2026-06-08 00:00:15
ESP-001,AMAN,0,53.1658,454005,2026-06-08 00:00:18
ESP-001,AMAN,0,56.1476,457122,2026-06-08 00:00:22
ESP-001,AMAN,0,59.9624,460296,2026-06-08 00:00:25
ESP-001,AMAN,0,61.3122,463424,2026-06-08 00:00:28
ESP-001,AMAN,0,59.76521,466578,2026-06-08 00:00:31
ESP-001,AMAN,0,56.0116,469722,2026-06-08 00:00:34
ESP-001,AMAN,0,63.8588,472840,2026-06-08 00:00:37
ESP-001,AMAN,0,53.84581,475976,2026-06-08 00:00:40
ESP-001,AMAN,0,55.19561,479124,2026-06-08 00:00:44
ESP-001,AMAN,0,55.87901,482237,2026-06-08 00:00:47
ESP-001,AMAN,0,55.8858,485377,2026-06-08 00:00:50
ESP-001,AMAN,0,55.8824,488491,2026-06-08 00:00:53
ESP-001,AMAN,0,55.8756,491641,2026-06-08 00:00:56
ESP-001,AMAN,0,55.8722,494766,2026-06-08 00:00:59
ESP-001,AMAN,0,59.6564,497890,2026-06-08 00:01:02
ESP-001,AMAN,0,69.07101,501082,2026-06-08 00:01:06
ESP-001,AMAN,0,65.4874,504248,2026-06-08 00:01:09
ESP-001,AMAN,0,65.569,507414,2026-06-08 00:01:12
ESP-001,AMAN,0,65.7322,510616,2026-06-08 00:01:15
ESP-001,AMAN,0,69.19681,513801,2026-06-08 00:01:18
ESP-001,AMAN,0,68.714,516834,2026-06-08 00:01:21
ESP-001,AMAN,0,58.8438,520042,2026-06-08 00:01:24
ESP-001,AMAN,0,69.3396,523225,2026-06-08 00:01:28
ESP-001,AMAN,0,69.4178,526249,2026-06-08 00:01:31
ESP-001,AMAN,0,69.4178,529273,2026-06-08 00:01:34
ESP-001,AMAN,0,69.41441,532308,2026-06-08 00:01:37
ESP-001,AMAN,0,69.48921,535330,2026-06-08 00:01:40
ESP-001,AMAN,0,69.411,538350,2026-06-08 00:01:43
ESP-001,AMAN,0,69.42461,541389,2026-06-08 00:01:46
ESP-001,AMAN,0,67.7382,544568,2026-06-08 00:01:49
ESP-001,AMAN,0,69.34641,547586,2026-06-08 00:01:52
ESP-001,AMAN,0,68.884,550609,2026-06-08 00:01:55
ESP-001,AMAN,0,69.4994,553800,2026-06-08 00:01:58
ESP-001,AMAN,0,69.785,556823,2026-06-08 00:02:01
ESP-001,AMAN,0,69.496,560021,2026-06-08 00:02:04
ESP-001,AMAN,0,69.4994,563053,2026-06-08 00:02:08
ESP-001,AMAN,0,69.6762,566084,2026-06-08 00:02:11
ESP-001,AMAN,0,69.40761,569270,2026-06-08 00:02:14
ESP-001,AMAN,0,68.78201,572315,2026-06-08 00:02:17
ESP-001,AMAN,0,69.496,575507,2026-06-08 00:02:20
ESP-001,AMAN,0,69.4892,578539,2026-06-08 00:02:23
ESP-001,AMAN,0,69.7612,581564,2026-06-08 00:02:26
ESP-001,AMAN,0,69.4212,584580,2026-06-08 00:02:29
ESP-001,AMAN,0,69.5538,587615,2026-06-08 00:02:32
ESP-001,AMAN,0,68.2958,590798,2026-06-08 00:02:35
ESP-001,AMAN,0,69.2104,593998,2026-06-08 00:02:38
ESP-001,AMAN,0,68.50661,597194,2026-06-08 00:02:42
ESP-001,AMAN,0,67.28261,600369,2026-06-08 00:02:45
ESP-001,AMAN,0,69.5708,603561,2026-06-08 00:02:48
ESP-001,AMAN,0,67.3506,606579,2026-06-08 00:02:51
ESP-001,AMAN,0,66.997,609775,2026-06-08 00:02:54
ESP-001,AMAN,0,56.95,612952,2026-06-08 00:02:57
ESP-001,AMAN,0,56.2768,616087,2026-06-08 00:03:01
ESP-001,AMAN,0,64.56261,619122,2026-06-08 00:03:04
ESP-001,AMAN,0,67.813,622313,2026-06-08 00:03:07
ESP-001,AMAN,0,69.66261,625505,2026-06-08 00:03:10
ESP-001,AMAN,0,69.76121,628532,2026-06-08 00:03:13
ESP-001,AMAN,0,69.3124,631723,2026-06-08 00:03:16
ESP-001,AMAN,0,67.22141,634932,2026-06-08 00:03:19
ESP-001,AMAN,0,67.6736,638118,2026-06-08 00:03:23
ESP-001,AMAN,0,69.326,641146,2026-06-08 00:03:26
ESP-001,AMAN,0,69.08461,644183,2026-06-08 00:03:29
ESP-001,AMAN,0,68.87041,647404,2026-06-08 00:03:32
ESP-001,AMAN,0,69.4178,650583,2026-06-08 00:03:35
ESP-001,AMAN,0,69.4178,653631,2026-06-08 00:03:38
ESP-001,AMAN,0,69.42461,656824,2026-06-08 00:03:41
ESP-001,AMAN,0,69.411,659873,2026-06-08 00:03:44
ESP-001,AMAN,0,69.4008,662896,2026-06-08 00:03:47
ESP-001,AMAN,0,69.41441,666093,2026-06-08 00:03:51
ESP-001,AMAN,0,68.374,669135,2026-06-08 00:03:54
ESP-001,AMAN,0,69.4042,672330,2026-06-08 00:03:57
ESP-001,AMAN,0,69.33281,675353,2026-06-08 00:04:00
ESP-001,AMAN,0,69.41441,678400,2026-06-08 00:04:03
ESP-001,AMAN,0,69.58101,681595,2026-06-08 00:04:06
ESP-001,AMAN,0,69.56741,684617,2026-06-08 00:04:09
ESP-001,AMAN,0,69.49601,687809,2026-06-08 00:04:12
ESP-001,AMAN,0,69.56741,690846,2026-06-08 00:04:15
ESP-001,AMAN,0,69.9074,693883,2026-06-08 00:04:18
ESP-001,AMAN,0,69.7408,697066,2026-06-08 00:04:22
ESP-001,AMAN,0,69.58101,700115,2026-06-08 00:04:25
ESP-001,AMAN,0,66.91881,703307,2026-06-08 00:04:28
ESP-001,AMAN,0,69.39741,706353,2026-06-08 00:04:31
ESP-001,AMAN,0,66.3748,709548,2026-06-08 00:04:34
ESP-001,AMAN,0,69.23421,712720,2026-06-08 00:04:37
ESP-001,AMAN,0,69.41441,715751,2026-06-08 00:04:40
ESP-001,AMAN,0,68.4556,718787,2026-06-08 00:04:43
ESP-001,AMAN,0,69.0676,721951,2026-06-08 00:04:46
ESP-001,AMAN,0,69.23421,724986,2026-06-08 00:04:49
ESP-001,AMAN,0,69.326,728180,2026-06-08 00:04:53
ESP-001,AMAN,0,69.40761,731225,2026-06-08 00:04:56
ESP-001,AMAN,0,69.32261,734247,2026-06-08 00:04:59
ESP-001,AMAN,0,69.39061,737444,2026-06-08 00:05:02
ESP-001,AMAN,0,69.39061,740492,2026-06-08 00:05:05
ESP-001,AMAN,0,69.326,743689,2026-06-08 00:05:08
ESP-001,AMAN,0,69.74081,746710,2026-06-08 00:05:11
ESP-001,AMAN,0,67.1738,749749,2026-06-08 00:05:14
ESP-001,AMAN,0,56.1748,752881,2026-06-08 00:05:17
ESP-001,AMAN,0,58.48341,756023,2026-06-08 00:05:20
ESP-001,AMAN,0,63.8656,759135,2026-06-08 00:05:24
ESP-001,AMAN,0,66.45301,762309,2026-06-08 00:05:27
ESP-001,AMAN,0,65.58601,765506,2026-06-08 00:05:30
ESP-001,AMAN,0,67.16701,768675,2026-06-08 00:05:33
ESP-001,AMAN,0,64.923,771847,2026-06-08 00:05:36
ESP-001,AMAN,0,69.84621,775037,2026-06-08 00:05:39
ESP-001,AMAN,0,67.44581,778164,2026-06-08 00:05:43
ESP-001,AMAN,0,68.01701,781190,2026-06-08 00:05:46
ESP-001,AMAN,0,65.7424,784354,2026-06-08 00:05:49
ESP-001,AMAN,0,69.6864,787388,2026-06-08 00:05:52
ESP-001,AMAN,0,68.8602,790411,2026-06-08 00:05:55
ESP-001,AMAN,0,67.3166,793590,2026-06-08 00:05:58
ESP-001,AMAN,0,67.41861,796630,2026-06-08 00:06:01
